customer_id,first_name,last_name,full_name,email,street,four_digits,country_id,credit_provider_id
126784,Ronnie,Dennison,Ronnie Dennison,Ronnied@gmail.com,575 Smith Summit Suite 219,9128,0,0
288311,Mark,Mailman,Mark Mailman,Markm@gmail.com,6858 Kristin Estates,2748,1,1
832901,Edward,Crieghton,Edward Crieghton,Edwardc@gmail.com,5615 Wilson Land,5185,45,2
979724,Dennis,Windley,Dennis Windley,Dennisw@gmail.com,03863 Jason Springs,4361,2,3
9867,Roger,Carlson,Roger Carlson,Rogerc@gmail.com,6591 Campbell Drives Apt. 133,6642,3,4
73220,Kevin,Knight,Kevin Knight,Kevink@gmail.com,22987 Rogers Garden,9871,4,1
227948,Yvonne,Rosenbeck,Yvonne Rosenbeck,Yvonner@gmail.com,1208 Duncan Coves Suite 301,4081,5,5
703819,Natalie,Rothermel,Natalie Rothermel,Natalier@gmail.com,4512 Harris Common,8625,6,5
202366,Alberto,Webster,Alberto Webster,Albertow@gmail.com,325 Kennedy Lake Apt. 269,8376,7,2
369052,Nicole,Cook,Nicole Cook,Nicolec@gmail.com,040 Garza Cliffs Apt. 133,8082,84,6
309451,John,Recalde,John Recalde,Johnr@gmail.com,0085 Elizabeth Mountains Apt. 863,3535,111,1
869679,Helen,Haskin,Helen Haskin,Helenh@gmail.com,4060 Michael Hill Suite 389,2294,129,0
791155,Donna,Hernandez,Donna Hernandez,Donnah@gmail.com,586 Smith Fork,6704,134,2
636626,Delmar,Mclaren,Delmar Mclaren,Delmarm@gmail.com,6608 Burke Tunnel Apt. 734,1503,141,0
613807,Emile,Perham,Emile Perham,Emilep@gmail.com,17093 Hunt Plains Suite 436,4851,234,5
23638,Robert,Salley,Robert Salley,Roberts@gmail.com,487 Diaz Keys Apt. 096,4958,8,7
141673,William,Fricks,William Fricks,Williamf@gmail.com,515 Diane Village Suite 769,8596,9,4
920145,Gary,Birkholz,Gary Birkholz,Garyb@gmail.com,97669 Robert Fields Apt. 422,4596,8,5
930557,Kaitlin,Miller,Kaitlin Miller,Kaitlinm@gmail.com,3978 Jones Plaza,3597,9,6
261993,Lavenia,Penny,Lavenia Penny,Laveniap@gmail.com,8960 Gould Cliffs,3199,10,4
984965,Jean,Smith,Jean Smith,Jeans@gmail.com,9401 West Estates,8226,80,2
601860,Jonathan,Dozier,Jonathan Dozier,Jonathand@gmail.com,18907 Paul Stream,1415,11,8
331214,Craig,Thrash,Craig Thrash,Craigt@gmail.com,94804 Adrian Lock Apt. 381,6172,12,9
293126,Lee,Loken,Lee Loken,Leel@gmail.com,493 Horn Stravenue Suite 175,7105,11,4
269281,Luisa,Valencia,Luisa Valencia,Luisav@gmail.com,38989 Susan Pass,1306,13,2
997914,Glenda,Chan,Glenda Chan,Glendac@gmail.com,13016 Stephen Island,2141,14,8
391052,Edgar,Boulanger,Edgar Boulanger,Edgarb@gmail.com,4961 Williamson Mountain Apt. 543,3896,15,0
657862,William,Johnson,William Johnson,Williamj@gmail.com,040 Blake Lane Apt. 836,1819,16,3
759239,Taylor,Mcdaniel,Taylor Mcdaniel,Taylorm@gmail.com,624 Timothy Prairie Suite 776,7494,185,9
588487,Frank,Raley,Frank Raley,Frankr@gmail.com,51574 Rogers Key Suite 644,3565,17,1
613593,Daniel,Cooper,Daniel Cooper,Danielc@gmail.com,755 Steven Corner Suite 354,5429,174,5
624256,Janice,Barr,Janice Barr,Janiceb@gmail.com,229 Craig Road Suite 386,7709,18,5
344704,Minnie,Chambers,Minnie Chambers,Minniec@gmail.com,4993 Jennifer Overpass,3064,165,0
953961,Karin,Lawrence,Karin Lawrence,Karinl@gmail.com,3242 Adams Row Apt. 771,7401,19,5
724504,Mark,Norley,Mark Norley,Markn@gmail.com,77164 Lucas Land,8891,13,0
464078,Nancy,Querta,Nancy Querta,Nancyq@gmail.com,67871 Paul Route Suite 061,2756,20,8
243431,Angeline,Delrosso,Angeline Delrosso,Angelined@gmail.com,16905 Sarah Trail Suite 744,6282,21,8
886097,Veronica,Murillo,Veronica Murillo,Veronicam@gmail.com,2260 Murphy Parkway,7165,22,7
263710,Jerry,Downs,Jerry Downs,Jerryd@gmail.com,84454 Lawrence Drives Apt. 509,7267,23,2
790797,Lori,Forte,Lori Forte,Lorif@gmail.com,8306 Davis Square,7764,24,2
149481,Heather,Ramos,Heather Ramos,Heatherr@gmail.com,88805 Torres Underpass,2854,25,8
798111,Michael,Spells,Michael Spells,Michaels@gmail.com,401 Christopher Spring,7374,26,4
595592,Jimmy,Luongo,Jimmy Luongo,Jimmyl@gmail.com,1948 Rice Field,2343,27,2
807295,Ginger,Nelson,Ginger Nelson,Gingern@gmail.com,99897 Sellers Loaf Suite 873,7554,28,3
308293,Henry,Thompson,Henry Thompson,Henryt@gmail.com,5274 Jade Road Suite 151,1697,62,0
834742,Joseph,Kucharski,Joseph Kucharski,Josephk@gmail.com,768 Patrick Squares,8054,125,4
491663,Donna,Harder,Donna Harder,Donnah@gmail.com,286 Christopher Lodge,5553,29,7
929419,Dortha,Young,Dortha Young,Dorthay@gmail.com,105 Russell Mall,6469,30,1
409084,Pamela,Bond,Pamela Bond,Pamelab@gmail.com,12804 Fisher Park,1733,31,0
826225,Marion,Fusco,Marion Fusco,Marionf@gmail.com,9535 Carroll Groves Apt. 987,6383,32,7
688630,James,Baker,James Baker,Jamesb@gmail.com,487 Richards Mall Suite 441,1304,12,3
59483,Barry,Johnson,Barry Johnson,Barryj@gmail.com,574 Jones Alley Apt. 418,7367,33,3
817398,Rebecca,Wolfe,Rebecca Wolfe,Rebeccaw@gmail.com,3621 Christine Motorway,7169,10,5
583136,Donald,Gonzales,Donald Gonzales,Donaldg@gmail.com,69993 Tristan Divide,4148,80,0
761639,Robert,Granger,Robert Granger,Robertg@gmail.com,2611 Patrick Wells,7888,34,2
922552,Maryann,Martin,Maryann Martin,Maryannm@gmail.com,3943 Joseph Mews Suite 454,5938,35,2
993400,Evelyn,Duran,Evelyn Duran,Evelynd@gmail.com,88654 Michael Vista,2511,36,3
920173,Paulina,Carter,Paulina Carter,Paulinac@gmail.com,0682 Kayla Crescent,2104,54,0
706916,Pauline,Mckenzie,Pauline Mckenzie,Paulinem@gmail.com,227 Michael Way Apt. 705,1700,63,2
546933,Deloris,Manley,Deloris Manley,Delorism@gmail.com,06717 Gregory Lodge,1544,72,1
436823,Steven,Cross,Steven Cross,Stevenc@gmail.com,318 Cruz Groves,7522,160,5
828799,Edward,Torres,Edward Torres,Edwardt@gmail.com,566 Debra Prairie Suite 879,3810,37,9
770854,Rita,Goya,Rita Goya,Ritag@gmail.com,17899 Flores Neck,5356,38,3
106201,Mark,Pacheco,Mark Pacheco,Markp@gmail.com,5036 Kristy Avenue,8848,39,0
846212,Michael,Burke,Michael Burke,Michaelb@gmail.com,4397 Robinson Brook Suite 448,2906,40,2
78376,Michael,Tith,Michael Tith,Michaelt@gmail.com,422 Joyce Loaf,5588,94,2
705893,Carolyn,Vanburen,Carolyn Vanburen,Carolynv@gmail.com,60365 Deleon Way,1745,192,1
116332,Tanya,Freeman,Tanya Freeman,Tanyaf@gmail.com,796 Charlene Road Suite 152,7185,20,7
265142,Maria,Kulesza,Maria Kulesza,Mariak@gmail.com,94654 John Circles Suite 403,2941,41,4
247914,Louise,Snyder,Louise Snyder,Louises@gmail.com,387 Renee Keys,3090,42,3
944844,Francis,Bauer,Francis Bauer,Francisb@gmail.com,58962 Logan Spur Apt. 324,9467,73,6
328950,Marlene,Poston,Marlene Poston,Marlenep@gmail.com,94382 Molly Rue,7529,43,7
755843,Agatha,Owens,Agatha Owens,Agathao@gmail.com,299 Spears Mews Apt. 951,9809,44,5
856561,Pamela,Freidman,Pamela Freidman,Pamelaf@gmail.com,3016 Michael Ports Suite 760,9954,1,8
327977,Stacey,Dennis,Stacey Dennis,Staceyd@gmail.com,845 Danielle Ports Suite 724,2818,45,1
314318,Dan,Howard,Dan Howard,Danh@gmail.com,3019 Duncan Knoll Apt. 380,6540,46,9
778717,Carlton,Bergseng,Carlton Bergseng,Carltonb@gmail.com,352 Velez Via Apt. 309,4434,189,2
767449,Angie,Stafford,Angie Stafford,Angies@gmail.com,25370 Pena Course,2918,47,3
623511,Harold,Smith,Harold Smith,Harolds@gmail.com,730 Bowman Keys,6093,3,1
539155,Connie,Karst,Connie Karst,Conniek@gmail.com,3250 Jason Creek,4590,48,5
961154,Ashley,Glidden,Ashley Glidden,Ashleyg@gmail.com,00016 Wheeler Crescent Suite 247,9828,49,0
872744,Dennis,Scott,Dennis Scott,Denniss@gmail.com,902 Glass Harbors Suite 442,8636,50,1
17664,Nona,Curtis,Nona Curtis,Nonac@gmail.com,98792 Helen Throughway Suite 319,1001,51,3
282398,Brad,Carpenter,Brad Carpenter,Bradc@gmail.com,4922 Mccoy Forges Apt. 615,3540,65,4
505566,Ben,Paquet,Ben Paquet,Benp@gmail.com,559 Jonathon Fall Apt. 635,7762,52,3
210824,Milagros,Lindsey,Milagros Lindsey,Milagrosl@gmail.com,0827 Shannon Roads Suite 981,8666,53,6
648916,Brian,Moore,Brian Moore,Brianm@gmail.com,76118 Rivera Rapids Apt. 731,7505,36,4
272200,Glen,Geer,Glen Geer,Gleng@gmail.com,09558 Carpenter Streets Apt. 832,2100,54,5
321219,Virginia,Kesler,Virginia Kesler,Virginiak@gmail.com,0317 Wyatt Crest Apt. 488,7004,63,9
255324,Gregory,Doe,Gregory Doe,Gregoryd@gmail.com,38144 Corey Vista,4382,72,1
989899,Martha,Singletary,Martha Singletary,Marthas@gmail.com,4950 Potts Creek Suite 494,8995,160,8
350,Vernon,Harper,Vernon Harper,Vernonh@gmail.com,241 Willis Light Suite 121,2241,55,7
910963,Denise,Alvarez,Denise Alvarez,Denisea@gmail.com,636 Kelly Courts,7346,56,0
913706,Jewell,Lopez,Jewell Lopez,Jewelll@gmail.com,2668 Wilson Mews Apt. 596,9343,57,0
730743,Darrick,Wiedmann,Darrick Wiedmann,Darrickw@gmail.com,10783 Luke Views,6041,58,0
555656,Karen,Chaves,Karen Chaves,Karenc@gmail.com,8156 Morgan Crossing Suite 870,1933,41,8
530161,Kelly,Pagan,Kelly Pagan,Kellyp@gmail.com,07494 James Hill Suite 878,6910,59,9
872887,James,Baptiste,James Baptiste,Jamesb@gmail.com,65116 Edwards Dale Suite 780,3312,60,0
965595,Barbara,Hadlock,Barbara Hadlock,Barbarah@gmail.com,1993 Munoz Forks Apt. 688,2217,78,7
793891,Tom,Leath,Tom Leath,Toml@gmail.com,8457 Jason Fort Suite 777,6597,219,3
810286,Jacob,Deare,Jacob Deare,Jacobd@gmail.com,412 Elizabeth Keys,9174,61,3
835047,Robert,Monaco,Robert Monaco,Robertm@gmail.com,677 Scott Locks Apt. 263,2051,28,1
788037,Robert,Beamon,Robert Beamon,Robertb@gmail.com,08234 Janet Extension,3618,62,6
589833,Jeffrey,Jim,Jeffrey Jim,Jeffreyj@gmail.com,92750 Randall Rapid Suite 101,4973,125,2
396060,Patricia,Dority,Patricia Dority,Patriciad@gmail.com,384 Warren Stream Suite 141,7683,40,4
666402,Helen,Kinnamon,Helen Kinnamon,Helenk@gmail.com,89164 Dunn Wells Suite 598,4526,94,2
439198,Charles,Canevari,Charles Canevari,Charlesc@gmail.com,80004 Gina Walk,8805,192,1
946838,Carl,Olesky,Carl Olesky,Carlo@gmail.com,88960 Dawson Meadows,3453,36,6
455522,Tim,Rowley,Tim Rowley,Timr@gmail.com,360 Barbara Passage Suite 210,2961,54,1
694509,Ed,Stoner,Ed Stoner,Eds@gmail.com,180 Kathleen Circle,4528,63,0
602681,Kenneth,Morris,Kenneth Morris,Kennethm@gmail.com,85296 Jonathan Mill,9550,72,5
433022,Dawn,Oh,Dawn Oh,Dawno@gmail.com,678 Miller Island,9853,160,1
518601,Sylvia,Martinez,Sylvia Martinez,Sylviam@gmail.com,9314 Tina Harbor Apt. 564,4260,64,2
18276,Donald,Jones,Donald Jones,Donaldj@gmail.com,74900 Vasquez Mill Apt. 688,4210,51,8
996729,George,Iezzi,George Iezzi,Georgei@gmail.com,36569 Adriana Villages,6462,65,9
960267,Wilma,Turner,Wilma Turner,Wilmat@gmail.com,501 Catherine Club,6804,66,0
845056,Laura,Bouleris,Laura Bouleris,Laurab@gmail.com,7578 Stacey Tunnel,2760,67,2
571888,Martha,Rice,Martha Rice,Marthar@gmail.com,0934 Michelle Manor,4583,32,3
921666,Martha,Avery,Martha Avery,Marthaa@gmail.com,836 Dunn River Apt. 676,6564,68,2
325499,Jayne,Niles,Jayne Niles,Jaynen@gmail.com,32461 Linda Unions,6489,194,2
70269,Ross,Bryan,Ross Bryan,Rossb@gmail.com,2392 Crosby Shoals,4961,20,7
792204,Marie,Miller,Marie Miller,Mariem@gmail.com,505 Anna Mount,1763,69,1
127963,James,French,James French,Jamesf@gmail.com,8452 Turner Isle Suite 898,8531,70,6
852823,Jason,Hartfield,Jason Hartfield,Jasonh@gmail.com,3290 Arnold Square Apt. 658,1349,71,2
468954,Norma,Lankford,Norma Lankford,Normal@gmail.com,2265 Spencer Via,3962,17,4
24432,Deborah,Sergio,Deborah Sergio,Deborahs@gmail.com,79980 Conner Grove Suite 767,2021,174,1
528970,Renae,Stewart,Renae Stewart,Renaes@gmail.com,4941 Jason Ridges Apt. 651,2166,16,7
651358,James,Alston,James Alston,Jamesa@gmail.com,32408 Todd Key,2591,185,8
541014,Dale,Lassiter,Dale Lassiter,Dalel@gmail.com,77312 Johnson Cliffs Apt. 717,3174,36,8
262723,Margaret,Perez,Margaret Perez,Margaretp@gmail.com,87044 Philip Bridge,9714,54,0
940450,Martha,Hanley,Martha Hanley,Marthah@gmail.com,463 David Forest,8494,63,3
512437,Shirley,Crook,Shirley Crook,Shirleyc@gmail.com,833 Angela Station Apt. 923,6563,72,2
693048,Kenneth,Debois,Kenneth Debois,Kennethd@gmail.com,0839 Huang Drive,4358,160,9
235329,Carol,Johnston,Carol Johnston,Carolj@gmail.com,5406 Edward Throughway,8163,42,0
139152,Tyrone,George,Tyrone George,Tyroneg@gmail.com,14320 Gordon Pines,3238,73,5
173383,Joseph,Neer,Joseph Neer,Josephn@gmail.com,8448 Michael Curve,1146,74,4
825008,Willie,Rife,Willie Rife,Willier@gmail.com,359 Valdez Lodge Apt. 892,8078,155,4
555081,Jack,Delara,Jack Delara,Jackd@gmail.com,71434 Bowman Coves,4006,217,3
739120,Ruth,Brant,Ruth Brant,Ruthb@gmail.com,133 Amanda Harbors Suite 256,4602,75,4
346337,Richelle,Biermann,Richelle Biermann,Richelleb@gmail.com,0226 Mills Terrace,2340,24,2
427762,Carole,Moore,Carole Moore,Carolem@gmail.com,869 Jack Field Suite 862,7555,76,5
181497,Marcus,Price,Marcus Price,Marcusp@gmail.com,591 Jonathan Field,7300,77,5
606008,Tina,Caldwell,Tina Caldwell,Tinac@gmail.com,484 Marc Ports Apt. 699,3671,60,4
458226,Vonda,Clark,Vonda Clark,Vondac@gmail.com,7007 Daniel Pines Suite 360,8106,78,9
697163,Barbara,Demarino,Barbara Demarino,Barbarad@gmail.com,347 Felicia Centers,3913,219,8
894939,Lola,Cheatham,Lola Cheatham,Lolac@gmail.com,53225 Francis Forge,2437,27,0
366029,Dorothy,Chappell,Dorothy Chappell,Dorothyc@gmail.com,059 Anderson Knolls Apt. 872,7433,79,5
323413,Juan,Lang,Juan Lang,Juanl@gmail.com,69085 Nancy Club,4237,10,8
342839,Jessica,Donis,Jessica Donis,Jessicad@gmail.com,4629 Stephanie Courts Apt. 683,8915,80,9
718017,Micheal,Minors,Micheal Minors,Michealm@gmail.com,276 Sanders Station Apt. 917,1984,81,6
55747,Terri,Mullinix,Terri Mullinix,Terrim@gmail.com,69773 Jones Plains,6940,82,9
134430,Scott,Mathews,Scott Mathews,Scottm@gmail.com,731 Smith Forest Suite 784,2107,83,5
598740,Carol,Gunter,Carol Gunter,Carolg@gmail.com,415 Taylor Crossing,5346,100,4
871662,Ana,Green,Ana Green,Anag@gmail.com,51953 Koch Junction,2177,126,0
487910,William,Johnson,William Johnson,Williamj@gmail.com,661 Larry Inlet Suite 407,8475,181,2
762827,Kraig,Aguilera,Kraig Aguilera,Kraiga@gmail.com,878 Young Light,3693,183,3
325381,James,Johnson,James Johnson,Jamesj@gmail.com,9764 Hill River,6726,7,2
254572,James,Sanchez,James Sanchez,Jamess@gmail.com,180 Morgan Land Apt. 424,6891,84,1
176656,Terrence,Taylor,Terrence Taylor,Terrencet@gmail.com,500 Davis Ways,3937,111,2
842476,Angela,Lawley,Angela Lawley,Angelal@gmail.com,6850 Salinas Circle,5314,129,2
263437,John,Noel,John Noel,Johnn@gmail.com,438 Gwendolyn Crescent,6802,134,4
602965,Eduardo,Merida,Eduardo Merida,Eduardom@gmail.com,955 Derrick Brook Apt. 233,6267,141,9
929218,Hugo,Gibson,Hugo Gibson,Hugog@gmail.com,081 Elizabeth Terrace,4719,234,8
820712,Betty,Lopez,Betty Lopez,Bettyl@gmail.com,9452 Price Causeway Suite 913,7184,16,3
263580,Tony,Vermillion,Tony Vermillion,Tonyv@gmail.com,8670 Jody Court Apt. 180,2859,185,1
294698,Alice,Lekan,Alice Lekan,Alicel@gmail.com,83334 Colleen Key,1729,85,0
238747,Jessie,Thompson,Jessie Thompson,Jessiet@gmail.com,2937 Gregory Ford Suite 264,8311,163,4
569919,Jo,Hess,Jo Hess,Joh@gmail.com,47158 Jacob Bypass Apt. 078,4080,180,2
466865,Ruben,White,Ruben White,Rubenw@gmail.com,4894 Michael Harbors,5111,214,7
558411,Curtis,Vue,Curtis Vue,Curtisv@gmail.com,004 Schultz Mills Suite 871,4876,1,1
297266,Shawnna,Chisum,Shawnna Chisum,Shawnnac@gmail.com,77699 Christy Summit,3791,45,8
568900,Sarah,Weatherford,Sarah Weatherford,Sarahw@gmail.com,5779 Brandon Lodge,8844,86,6
823059,Jacqueline,Webster,Jacqueline Webster,Jacquelinew@gmail.com,6265 John View Apt. 202,2352,87,7
737260,Marjorie,Davis,Marjorie Davis,Marjoried@gmail.com,298 Cruz Trafficway,8105,20,1
712948,Ruben,Manning,Ruben Manning,Rubenm@gmail.com,56566 Long Courts,4514,60,7
444124,Felix,Rodriguez,Felix Rodriguez,Felixr@gmail.com,5658 Hanna Dam,1554,78,0
238042,Melody,Libby,Melody Libby,Melodyl@gmail.com,58665 Christian Branch Suite 436,2818,219,4
919388,Betty,Robson,Betty Robson,Bettyr@gmail.com,592 Smith Parkways Apt. 190,2128,86,5
15831,Christopher,Eguia,Christopher Eguia,Christophere@gmail.com,158 Perry Run,9714,88,0
381885,Todd,Hungerford,Todd Hungerford,Toddh@gmail.com,83966 Cameron Square Apt. 674,7889,34,5
46350,Carol,Edmonds,Carol Edmonds,Carole@gmail.com,00055 Todd Grove Suite 621,7394,89,0
15092,Leroy,Painter,Leroy Painter,Leroyp@gmail.com,173 Kevin Route,8259,88,4
928571,Pam,Schlichter,Pam Schlichter,Pams@gmail.com,937 Mcclure Inlet Suite 202,1024,27,0
582188,Jane,Hawkins,Jane Hawkins,Janeh@gmail.com,0133 Cassidy Flats Apt. 559,7911,90,7
737159,Janice,Mcgee,Janice Mcgee,Janicem@gmail.com,0221 Harris Locks Suite 352,3766,91,2
817369,Grady,Baillargeon,Grady Baillargeon,Gradyb@gmail.com,91742 Patricia Burgs,4368,92,7
45192,Edward,Blackwell,Edward Blackwell,Edwardb@gmail.com,9029 Love Ways,3855,93,9
690465,Peggy,Hendrickson,Peggy Hendrickson,Peggyh@gmail.com,2853 Bush Mountains,2723,58,0
502237,Dolores,Weaver,Dolores Weaver,Doloresw@gmail.com,822 Anthony Radial Apt. 757,8877,40,2
414604,Rose,Dean,Rose Dean,Rosed@gmail.com,39853 Peter Spurs,9462,94,2
358994,Bobbie,Manko,Bobbie Manko,Bobbiem@gmail.com,93940 Martha Forks Apt. 385,8278,192,9
120994,Harold,King,Harold King,Haroldk@gmail.com,8231 Davis Locks Suite 774,1216,95,7
807665,Chan,Holland,Chan Holland,Chanh@gmail.com,83601 Hayes View Apt. 975,8481,96,0
959165,Jackson,Reigle,Jackson Reigle,Jacksonr@gmail.com,58083 Gabriel Heights Apt. 343,5724,7,0
984127,Benjamin,Trudell,Benjamin Trudell,Benjamint@gmail.com,91626 Horton Junction,4188,84,6
15499,Linda,Joseph,Linda Joseph,Lindaj@gmail.com,9566 Thomas Harbors Suite 690,2583,111,2
698385,Richard,Rieth,Richard Rieth,Richardr@gmail.com,5692 Teresa Trail,7157,129,2
269714,Steven,Akin,Steven Akin,Stevena@gmail.com,11496 Green Common,2666,134,4
858887,Gary,Frese,Gary Frese,Garyf@gmail.com,22350 Ian Keys Apt. 383,9171,141,4
246543,Keith,Hosier,Keith Hosier,Keithh@gmail.com,240 April Vista Apt. 866,5394,234,0
491379,Jane,Harrell,Jane Harrell,Janeh@gmail.com,08494 Yates Shoal Suite 229,6695,49,6
957902,Fernando,Jones,Fernando Jones,Fernandoj@gmail.com,48189 Lori Run,4928,97,7
508627,Charles,Mayo,Charles Mayo,Charlesm@gmail.com,89926 Jennifer Pines Suite 867,7805,98,4
848032,Joe,Sarkisian,Joe Sarkisian,Joes@gmail.com,8701 Tiffany Vista Suite 110,2296,116,5
104395,Morris,Villeda,Morris Villeda,Morrisv@gmail.com,0832 Smith Ways,3418,16,8
747533,Grady,Ramos,Grady Ramos,Gradyr@gmail.com,661 Valdez Coves,5659,185,3
600790,Phyllis,Nyquist,Phyllis Nyquist,Phyllisn@gmail.com,985 Greene Lodge Apt. 519,7749,99,3
296983,Laurie,Torres,Laurie Torres,Lauriet@gmail.com,7741 Timothy Center Suite 280,5131,83,0
333693,Mary,Thompson,Mary Thompson,Maryt@gmail.com,314 Jasmine Causeway,2714,100,8
787096,Sarah,Medina,Sarah Medina,Sarahm@gmail.com,8934 Crystal Oval Suite 389,9612,126,2
278964,Wilma,Botsford,Wilma Botsford,Wilmab@gmail.com,0842 Sanders Drives,7158,181,5
183612,Mary,Larkin,Mary Larkin,Maryl@gmail.com,99064 Green Ridge,7012,183,9
633363,Anthony,Rice,Anthony Rice,Anthonyr@gmail.com,6097 Courtney Green Suite 163,8213,101,5
625379,Mabel,Scott,Mabel Scott,Mabels@gmail.com,45815 Reginald Radial Suite 308,3181,102,5
918581,Robert,Morrison,Robert Morrison,Robertm@gmail.com,27118 Lopez Cove,1808,52,7
638103,Ruth,Wright,Ruth Wright,Ruthw@gmail.com,06153 Martinez Crossing,4482,103,8
650828,Thomas,Barnes,Thomas Barnes,Thomasb@gmail.com,93902 Susan Street Suite 605,4515,99,8
40458,Jeremy,Lovett,Jeremy Lovett,Jeremyl@gmail.com,7503 Perez Harbors,1003,22,2
722453,Matthew,Robbins,Matthew Robbins,Matthewr@gmail.com,498 Contreras Corners,2515,41,3
431544,Yvonne,Masi,Yvonne Masi,Yvonnem@gmail.com,62554 Pierce Walk,4440,104,9
649508,Kelly,Spencer,Kelly Spencer,Kellys@gmail.com,59396 James Rue Suite 747,9607,117,2
627346,Leigh,Vuong,Leigh Vuong,Leighv@gmail.com,9683 Buck Pike,8722,105,2
793646,Gladys,Owens,Gladys Owens,Gladyso@gmail.com,12966 Allen Park,4390,49,3
112596,William,Rish,William Rish,Williamr@gmail.com,42284 Richard Valley Suite 973,5352,106,7
204260,Michael,Pagliari,Michael Pagliari,Michaelp@gmail.com,1159 Michael Manors Apt. 057,3024,107,4
233502,Steven,Sigler,Steven Sigler,Stevens@gmail.com,52449 Cruz Mountain Suite 807,2770,108,7
344606,Robert,Brooks,Robert Brooks,Robertb@gmail.com,283 Lewis Squares,5002,77,7
533482,Susan,Vastardis,Susan Vastardis,Susanv@gmail.com,2772 Carl Rest,7704,109,2
673428,Paula,Poremski,Paula Poremski,Paulap@gmail.com,56489 Charlene Heights,9078,110,2
318908,Karen,Dee,Karen Dee,Karend@gmail.com,356 Rodriguez Park,4358,0,0
255448,David,Moats,David Moats,Davidm@gmail.com,61518 Nolan Flats Suite 005,5822,7,3
329539,Esta,Sowers,Esta Sowers,Estas@gmail.com,76124 Tracy Fall Suite 501,4400,84,0
33371,Johnnie,Hadaway,Johnnie Hadaway,Johnnieh@gmail.com,6465 Miller Point,9953,111,3
367843,Otis,Martinez,Otis Martinez,Otism@gmail.com,69506 Jones Track Suite 823,6063,129,0
184288,Robert,Gagnon,Robert Gagnon,Robertg@gmail.com,920 Bowman Bridge Suite 556,4769,134,9
173508,Kevin,Froelich,Kevin Froelich,Kevinf@gmail.com,9786 Lisa Glens,3506,141,8
176973,George,Holder,George Holder,Georgeh@gmail.com,0949 Samantha Circle Apt. 481,5449,234,2
230634,Betty,Kobayashi,Betty Kobayashi,Bettyk@gmail.com,1793 Reed Cape Apt. 791,6495,112,9
624565,Rowena,Beresford,Rowena Beresford,Rowenab@gmail.com,5762 Laura Harbors Apt. 250,5902,86,7
792828,Thomas,Jacquemin,Thomas Jacquemin,Thomasj@gmail.com,866 Matthew Circle Apt. 766,4270,113,7
198304,Stephanie,Hardin,Stephanie Hardin,Stephanieh@gmail.com,48138 Jeffrey Orchard,4249,114,2
900638,Deborah,Young,Deborah Young,Deborahy@gmail.com,12927 Jacqueline Lights,6546,36,5
826242,Betty,Dempsey,Betty Dempsey,Bettyd@gmail.com,4433 Lucas Grove,4201,54,3
286197,Margy,Hartman,Margy Hartman,Margyh@gmail.com,519 Tammy Flat,5844,63,5
652235,Daniel,Johnson,Daniel Johnson,Danielj@gmail.com,5948 Smith Ridge,9410,72,7
605754,Lorenzo,Grossi,Lorenzo Grossi,Lorenzog@gmail.com,105 Brown Run,6603,160,4
387229,Wilma,Foley,Wilma Foley,Wilmaf@gmail.com,37339 Patricia Ports Suite 673,2111,107,0
509503,Patricia,Murphy,Patricia Murphy,Patriciam@gmail.com,29706 Patricia Squares Suite 148,8674,115,3
321595,Matthew,Niece,Matthew Niece,Matthewn@gmail.com,99846 Stephanie Cliff Apt. 949,1659,228,6
456412,Mike,Speight,Mike Speight,Mikes@gmail.com,42212 Kelly Isle Suite 537,9231,34,5
800886,Stephen,Zepeda,Stephen Zepeda,Stephenz@gmail.com,89707 Moreno Walks,2459,60,2
733439,Blake,Sledge,Blake Sledge,Blakes@gmail.com,670 Timothy Garden,3161,78,6
460516,Eliza,Interrante,Eliza Interrante,Elizai@gmail.com,967 Dennis Parkways,4401,219,0
739043,Forrest,Mark,Forrest Mark,Forrestm@gmail.com,521 Kelli Garden Apt. 186,2636,60,6
768778,Kevin,Lackland,Kevin Lackland,Kevinl@gmail.com,877 Thomas Corner Suite 046,5921,78,2
173509,Barbara,Tola,Barbara Tola,Barbarat@gmail.com,39814 Isaac Harbor Suite 233,6201,219,5
930901,Patrick,Martin,Patrick Martin,Patrickm@gmail.com,86036 Norris Forks Apt. 775,7828,98,3
894269,Daniel,Doyle,Daniel Doyle,Danield@gmail.com,1120 Riley Fords Apt. 091,3038,116,3
713682,George,Ross,George Ross,Georger@gmail.com,454 Megan Trafficway Suite 568,5508,104,2
633542,Alton,Meyers,Alton Meyers,Altonm@gmail.com,64694 Kristina Streets,5540,117,7
362096,Duane,Maldonado,Duane Maldonado,Duanem@gmail.com,609 Jacob Brooks Apt. 436,4869,118,0
302349,Linda,Maione,Linda Maione,Lindam@gmail.com,8436 Brian Wall Apt. 906,1902,119,6
425036,Eva,Roche,Eva Roche,Evar@gmail.com,24460 Vincent Bypass Apt. 785,8375,68,8
451522,Rita,Bailey,Rita Bailey,Ritab@gmail.com,57512 Davis Wall,6053,194,2
623738,Steve,Woods,Steve Woods,Stevew@gmail.com,25477 Moore Lakes Suite 388,8197,74,0
659985,Carolyn,Sampson,Carolyn Sampson,Carolyns@gmail.com,2571 Foster Harbor Apt. 978,7914,155,4
797488,Jacqueline,Numbers,Jacqueline Numbers,Jacquelinen@gmail.com,83227 Smith Forest Apt. 407,9719,217,6
409592,Belle,Rodriguez,Belle Rodriguez,Beller@gmail.com,769 Jensen Forest Apt. 601,1213,82,0
909148,Matilda,Young,Matilda Young,Matilday@gmail.com,04972 Alexis Ways Apt. 353,3328,6,4
86871,Angela,Hardebeck,Angela Hardebeck,Angelah@gmail.com,3703 Dawn Throughway Suite 672,1263,60,8
160174,Flora,Strickland,Flora Strickland,Floras@gmail.com,21970 Black Hill Suite 356,2761,78,5
226672,Pauline,Perkins,Pauline Perkins,Paulinep@gmail.com,009 Sarah Circles Apt. 238,9136,219,6
295121,Olga,Brewer,Olga Brewer,Olgab@gmail.com,6942 Lopez Overpass Apt. 578,4702,104,9
922350,Christopher,Dwyer,Christopher Dwyer,Christopherd@gmail.com,4721 Olson Throughway Suite 379,8401,117,2
66557,Kimberly,Ferber,Kimberly Ferber,Kimberlyf@gmail.com,270 Steve Terrace Apt. 998,3086,42,6
277025,Myrtice,Paris,Myrtice Paris,Myrticep@gmail.com,2935 Ray Cliff Apt. 699,4021,73,8
350494,Emmitt,Smith,Emmitt Smith,Emmitts@gmail.com,177 Harvey Freeway,8118,120,8
511475,Tiara,Williams,Tiara Williams,Tiaraw@gmail.com,72240 Cowan Stream,1127,61,6
965460,Julieta,Mcdonough,Julieta Mcdonough,Julietam@gmail.com,500 Perez Crest Suite 575,8122,61,8
872025,William,Champion,William Champion,Williamc@gmail.com,442 Young Cove Apt. 439,1110,121,7
389179,Ann,Blades,Ann Blades,Annb@gmail.com,51894 Susan Ports Suite 740,8239,127,9
353583,Eric,Reynolds,Eric Reynolds,Ericr@gmail.com,866 William Ridges Apt. 141,9821,19,4
255783,Minnie,Ryan,Minnie Ryan,Minnier@gmail.com,68674 Mccarthy Mountain Suite 223,5904,19,4
54133,Michael,Padilla,Michael Padilla,Michaelp@gmail.com,7999 Christopher Wall Apt. 410,6192,109,4
453706,Kelly,Chisolm,Kelly Chisolm,Kellyc@gmail.com,857 Beck Union Apt. 068,3399,122,7
563747,John,Torres,John Torres,Johnt@gmail.com,08649 Payne Brooks,4161,123,2
517627,Steven,Williams,Steven Williams,Stevenw@gmail.com,54880 Morgan Lake Suite 282,5574,8,0
278643,William,Peck,William Peck,Williamp@gmail.com,768 Powers Via Apt. 162,8915,9,0
338030,Aurora,Coke,Aurora Coke,Aurorac@gmail.com,694 Misty Valley Suite 876,6246,124,7
243074,Joseph,Pulcher,Joseph Pulcher,Josephp@gmail.com,246 Kimberly Squares Suite 772,6782,28,2
933312,Tyler,Paul,Tyler Paul,Tylerp@gmail.com,1888 Castillo Cape Apt. 917,9432,62,6
484697,James,Andrews,James Andrews,Jamesa@gmail.com,7943 Rivera Path,5966,125,2
349075,Salvador,Vandy,Salvador Vandy,Salvadorv@gmail.com,0425 Alexander Port,6577,104,9
224145,Joann,Stewart,Joann Stewart,Joanns@gmail.com,736 Laura Cliffs Suite 155,6301,117,4
821275,Christine,Davis,Christine Davis,Christined@gmail.com,341 Moore Grove,9385,25,4
894469,Teresa,Peck,Teresa Peck,Teresap@gmail.com,7415 Potts Port Apt. 845,4746,83,0
681377,Lawrence,Hyun,Lawrence Hyun,Lawrenceh@gmail.com,6476 Vang Tunnel,8769,100,4
546292,Tiffani,Kendell,Tiffani Kendell,Tiffanik@gmail.com,89021 Megan Bridge,8970,126,5
302252,Reed,Giese,Reed Giese,Reedg@gmail.com,4768 Melissa Meadows,9356,181,2
359878,William,Mock,William Mock,Williamm@gmail.com,97919 Arroyo Turnpike Apt. 582,8815,183,0
347036,Helen,Proper,Helen Proper,Helenp@gmail.com,6228 Anna Field,3742,88,1
343335,Carlton,Smith,Carlton Smith,Carltons@gmail.com,623 Johnson Shoals,7776,121,2
879448,Teresa,Hansen,Teresa Hansen,Teresah@gmail.com,32331 Betty Lakes Suite 061,3451,127,9
88989,David,Howard,David Howard,Davidh@gmail.com,1652 Michelle Village,9427,101,2
455079,Robert,Mcgee,Robert Mcgee,Robertm@gmail.com,005 Mary Hills Suite 566,6271,128,0
697512,Tiffany,Rodgers,Tiffany Rodgers,Tiffanyr@gmail.com,8911 Pearson Island Suite 338,4893,131,0
787364,Saundra,Hanson,Saundra Hanson,Saundrah@gmail.com,931 Troy Lakes Apt. 399,5190,201,8
292149,Steve,Greenbaum,Steve Greenbaum,Steveg@gmail.com,26982 Edward Station Apt. 704,3841,28,5
766643,Natalie,Hare,Natalie Hare,Natalieh@gmail.com,3552 Solomon Forge,9893,62,3
22024,Michael,Odom,Michael Odom,Michaelo@gmail.com,11031 Allison Via,7383,125,8
500205,Emily,Lyles,Emily Lyles,Emilyl@gmail.com,020 Matthew Passage,1073,128,4
20315,Matthew,Bell,Matthew Bell,Matthewb@gmail.com,613 Johnson Mission,7724,131,2
869967,Melanie,Baier,Melanie Baier,Melanieb@gmail.com,443 Joshua River Suite 700,1238,201,2
813856,Michael,Gregg,Michael Gregg,Michaelg@gmail.com,3341 Ashley Bypass Apt. 130,4017,7,4
341160,Mathew,Walter,Mathew Walter,Matheww@gmail.com,9916 Gabriella Camp,6626,84,7
228990,Richard,Watts,Richard Watts,Richardw@gmail.com,01010 Travis Key Apt. 324,7611,111,3
508144,Margaret,Lilley,Margaret Lilley,Margaretl@gmail.com,918 Lauren Isle,6450,129,7
516536,Don,Robinson,Don Robinson,Donr@gmail.com,78051 Coleman Bridge,9339,134,3
3030,Molly,Mingo,Molly Mingo,Mollym@gmail.com,052 Mendoza Glens Suite 365,9007,141,0
949195,Danielle,Pilgrim,Danielle Pilgrim,Daniellep@gmail.com,669 Williams Freeway,3668,234,6
735984,Russ,Sawyer,Russ Sawyer,Russs@gmail.com,2713 Mays Skyway Suite 147,9854,121,2
549856,Robert,Lopez,Robert Lopez,Robertl@gmail.com,204 Tammy Corner Suite 480,6358,127,3
7719,Robert,Nicolls,Robert Nicolls,Robertn@gmail.com,8396 David Viaduct Suite 917,7172,104,4
774710,Betty,Busher,Betty Busher,Bettyb@gmail.com,0625 Todd Rest,9005,117,9
940140,Avis,Jones,Avis Jones,Avisj@gmail.com,582 Matthew Land Apt. 635,8296,24,7
256097,Brandon,Durgan,Brandon Durgan,Brandond@gmail.com,717 Shannon Trafficway,4533,56,0
551884,Jolene,Spitler,Jolene Spitler,Jolenes@gmail.com,204 Dawn Ferry Apt. 064,9527,83,0
213076,Rachel,Senske,Rachel Senske,Rachels@gmail.com,27415 Jones Island Apt. 659,3254,100,1
83157,Mary,Kahrs,Mary Kahrs,Maryk@gmail.com,516 Ortiz Club,7574,126,2
861723,Joseph,Scanlon,Joseph Scanlon,Josephs@gmail.com,91914 Thomas Lodge Apt. 992,2344,181,0
725144,Ruthie,Spegal,Ruthie Spegal,Ruthies@gmail.com,8141 Jared Islands,7691,183,8
335545,Suzanne,Thompson,Suzanne Thompson,Suzannet@gmail.com,9847 Taylor River,5862,75,3
494658,Mark,Mcavoy,Mark Mcavoy,Markm@gmail.com,6803 Adam Bridge,9899,18,5
528992,Christopher,Keller,Christopher Keller,Christopherk@gmail.com,514 Torres Burgs Suite 136,1309,165,8
435430,Thomas,Fujii,Thomas Fujii,Thomasf@gmail.com,8960 Howard Port,3552,130,6
768696,Katherine,Mastrangelo,Katherine Mastrangelo,Katherinem@gmail.com,2186 Jacqueline Heights,9968,128,8
282003,Willie,Carriger,Willie Carriger,Williec@gmail.com,5915 Joseph Freeway,8262,131,7
883090,Donna,Morales,Donna Morales,Donnam@gmail.com,30419 Owens Loop,7030,201,9
398861,Jennifer,Bell,Jennifer Bell,Jenniferb@gmail.com,9291 Saunders Cove,9204,109,9
437308,Frank,Scherman,Frank Scherman,Franks@gmail.com,181 Renee Greens Apt. 904,3870,53,4
525487,Todd,Shape,Todd Shape,Todds@gmail.com,6583 Peters Rapid,6790,37,7
864961,Frances,Phillips,Frances Phillips,Francesp@gmail.com,80477 James Harbors,7560,98,4
721987,Alberta,Fennell,Alberta Fennell,Albertaf@gmail.com,26674 Jackson Extensions Suite 754,8631,116,0
876781,Virginia,Nehring,Virginia Nehring,Virginian@gmail.com,263 Susan Light Apt. 138,3510,30,3
951798,Linda,Simon,Linda Simon,Lindas@gmail.com,832 Gibson Burgs Suite 808,7493,132,2
553046,Francis,Dalal,Francis Dalal,Francisd@gmail.com,89717 Wong Mews Apt. 517,4400,37,6
63955,Brenda,Kees,Brenda Kees,Brendak@gmail.com,247 Tiffany Station Apt. 309,2108,133,9
433158,Alice,Johnson,Alice Johnson,Alicej@gmail.com,0613 Tonya Hollow Apt. 049,9574,1,0
40070,Alice,Frederick,Alice Frederick,Alicef@gmail.com,8595 Edward Extension,4721,45,0
186640,David,Brian,David Brian,Davidb@gmail.com,5799 Rich Circle,8843,67,0
432046,Kristina,Smith,Kristina Smith,Kristinas@gmail.com,863 Angela Ferry Apt. 452,3064,7,9
30760,Martha,Dwyer,Martha Dwyer,Marthad@gmail.com,3979 Pamela Shore,6079,84,0
997331,Harold,Grady,Harold Grady,Haroldg@gmail.com,5472 Stephens Hill,7303,111,8
395335,Joshua,Synder,Joshua Synder,Joshuas@gmail.com,516 Williams Turnpike Suite 673,8107,129,3
705331,Jerry,Woodworth,Jerry Woodworth,Jerryw@gmail.com,6727 Amanda Landing Suite 614,5851,134,9
772707,Elaine,Castro,Elaine Castro,Elainec@gmail.com,473 Christopher Mount,1409,141,7
645387,Jonathan,Bach,Jonathan Bach,Jonathanb@gmail.com,834 Arias Orchard,8925,234,3
899833,Daniel,Hunt,Daniel Hunt,Danielh@gmail.com,62545 Rebecca Manors,3489,28,0
854656,Jason,Wheeler,Jason Wheeler,Jasonw@gmail.com,5360 Smith Stream,1782,62,2
354670,Peter,Robinson,Peter Robinson,Peterr@gmail.com,5407 Atkins Stream Suite 217,8487,125,7
839430,Angela,Parker,Angela Parker,Angelap@gmail.com,92437 Vincent Wall Suite 090,1517,135,4
122710,Betty,Fox,Betty Fox,Bettyf@gmail.com,2008 Velez Island,1670,136,0
753661,Trevor,Stephens,Trevor Stephens,Trevors@gmail.com,224 Davis Unions,8419,57,4
491240,Earline,Stanley,Earline Stanley,Earlines@gmail.com,61740 Orozco Loop,9920,137,0
42372,Marie,Porter,Marie Porter,Mariep@gmail.com,194 Teresa Burgs Apt. 835,8172,15,2
608847,Dominque,Thomas,Dominque Thomas,Dominquet@gmail.com,56144 Johnson Estates Apt. 793,4079,138,3
626732,Michael,Ballas,Michael Ballas,Michaelb@gmail.com,0512 Shannon Crest,1310,139,4
625283,Ronald,Shoemaker,Ronald Shoemaker,Ronalds@gmail.com,7631 Thomas Junction,8742,83,0
384674,Mark,Wu,Mark Wu,Markw@gmail.com,8903 Lori Crossroad Apt. 938,8892,100,0
560513,David,Tomilson,David Tomilson,Davidt@gmail.com,06670 Adam Stream,4104,126,8
818638,Tracy,Keil,Tracy Keil,Tracyk@gmail.com,4786 Yang Forks,8660,181,4
723969,Chester,Dejesus,Chester Dejesus,Chesterd@gmail.com,25843 Shah Ville,7615,183,8
129941,Guadalupe,Ramp,Guadalupe Ramp,Guadaluper@gmail.com,4705 Emily Terrace Apt. 990,5481,121,4
867531,Ralph,Cummings,Ralph Cummings,Ralphc@gmail.com,7213 Barbara Inlet,1479,127,4
722825,Leo,Hicks,Leo Hicks,Leoh@gmail.com,2961 Jared Cove,2192,22,2
269383,Florencio,Dean,Florencio Dean,Florenciod@gmail.com,19109 Warren Hills,4586,140,6
605351,Thomas,Donnelly,Thomas Donnelly,Thomasd@gmail.com,3715 Nash Mission Suite 558,4564,7,5
785204,Frances,Whitely,Frances Whitely,Francesw@gmail.com,52938 Melissa Square,3342,84,0
510216,Lawrence,Kees,Lawrence Kees,Lawrencek@gmail.com,84613 Marc Parks Apt. 894,4577,111,0
854586,Brian,Williams,Brian Williams,Brianw@gmail.com,1894 Welch Tunnel Suite 792,7521,129,3
103020,Billy,Johnson,Billy Johnson,Billyj@gmail.com,4839 Moran Drive,4381,134,7
480965,Helen,Hackney,Helen Hackney,Helenh@gmail.com,4521 Fox Hills,5902,141,1
828559,Christopher,Sharr,Christopher Sharr,Christophers@gmail.com,8479 Smith Crossroad Apt. 506,4307,234,1
129986,Mary,Gonzalez,Mary Gonzalez,Maryg@gmail.com,370 Ryan Parkway Suite 050,1134,38,1
558136,Sean,Coleman,Sean Coleman,Seanc@gmail.com,924 Stephanie Pass,4495,142,8
372224,Michael,Gray,Michael Gray,Michaelg@gmail.com,83952 Carter Spring,7061,147,4
154297,Patti,Smith,Patti Smith,Pattis@gmail.com,955 Kim Glen Suite 697,1178,37,2
414571,James,Espinosa,James Espinosa,Jamese@gmail.com,37325 Ryan Squares,7393,95,8
241740,Luvenia,Okuhara,Luvenia Okuhara,Luveniao@gmail.com,69068 Jessica Mills,2045,143,4
713560,Frances,Walker,Frances Walker,Francesw@gmail.com,00922 Garcia Landing,3040,98,0
787473,Gary,Greer,Gary Greer,Garyg@gmail.com,1011 Fry Hills Apt. 224,7161,116,9
268639,Naomi,Remmick,Naomi Remmick,Naomir@gmail.com,9258 Jessica Point Apt. 244,2454,144,7
420500,Thomas,Langston,Thomas Langston,Thomasl@gmail.com,70072 Cassandra Run Apt. 650,2495,176,9
570486,Joseph,Crider,Joseph Crider,Josephc@gmail.com,4599 Denise Ranch,8421,186,2
612706,Breanna,Mccoy,Breanna Mccoy,Breannam@gmail.com,71622 Richardson Shores,7381,145,6
835641,Alfred,Holmquist,Alfred Holmquist,Alfredh@gmail.com,72774 Sparks Divide Apt. 935,2410,138,2
419407,Louis,Stroud,Louis Stroud,Louiss@gmail.com,5176 Jeffrey Ports,8905,81,1
385068,Jesse,Rodriguez,Jesse Rodriguez,Jesser@gmail.com,6346 Hubbard Vista Suite 096,3175,146,4
402673,Margaret,Mendell,Margaret Mendell,Margaretm@gmail.com,830 Carrillo Place,3298,66,7
28481,Theresa,Morton,Theresa Morton,Theresam@gmail.com,3096 Hale Points Apt. 547,8823,137,6
889408,Georgie,Teague,Georgie Teague,Georgiet@gmail.com,70187 Bell Path,6821,142,9
454766,Carmen,Sticht,Carmen Sticht,Carmens@gmail.com,946 Brian Run Suite 197,9208,147,3
355270,William,Roche,William Roche,Williamr@gmail.com,59548 Nicholas Stravenue Suite 342,6631,37,6
990174,Julie,Watson,Julie Watson,Juliew@gmail.com,3029 Jennifer Shores Apt. 292,6250,148,3
191772,James,Bennett,James Bennett,Jamesb@gmail.com,479 Martin Heights,5973,149,3
52242,Rose,Gomez,Rose Gomez,Roseg@gmail.com,337 Curtis Ridges Suite 992,4117,47,7
296013,Ruthie,Gilbert,Ruthie Gilbert,Ruthieg@gmail.com,399 Shepard Heights,8567,150,0
225072,Sanford,Debaecke,Sanford Debaecke,Sanfordd@gmail.com,644 Perez Viaduct Apt. 505,2738,37,2
362908,Timothy,Watson,Timothy Watson,Timothyw@gmail.com,05300 Kristi Freeway,2995,32,6
91814,Judy,Skolnick,Judy Skolnick,Judys@gmail.com,790 Kent Isle,8071,37,8
994266,Rhonda,Dotson,Rhonda Dotson,Rhondad@gmail.com,896 Roberto Brooks,2468,115,0
650486,Ray,Finley,Ray Finley,Rayf@gmail.com,678 Jackson Turnpike,8091,228,1
718621,Mark,Brown,Mark Brown,Markb@gmail.com,5017 Brandon Springs,7961,113,1
899915,Ronald,Martin,Ronald Martin,Ronaldm@gmail.com,5618 Emily Ridges Apt. 475,6919,151,6
392238,Jimmy,Byas,Jimmy Byas,Jimmyb@gmail.com,2145 Robinson Mount Apt. 088,3516,123,0
578578,Filomena,Calicott,Filomena Calicott,Filomenac@gmail.com,923 Reyes Loop Suite 563,2987,124,2
307579,Steve,Williams,Steve Williams,Stevew@gmail.com,2773 Melissa Row Apt. 245,4142,138,9
668472,Frank,Eilerman,Frank Eilerman,Franke@gmail.com,202 Owens Lodge,6839,20,9
891493,Patricia,Rogers,Patricia Rogers,Patriciar@gmail.com,65632 Melissa Squares Suite 243,9553,10,6
555978,Carolyn,Ray,Carolyn Ray,Carolynr@gmail.com,46205 Rebecca Trail,5131,80,0
819562,Robert,Gillick,Robert Gillick,Robertg@gmail.com,2775 Deanna Turnpike Apt. 400,1893,93,0
806123,Mario,Billiot,Mario Billiot,Mariob@gmail.com,40380 Ford Mission,4531,3,4
785549,Lucille,Cendejas,Lucille Cendejas,Lucillec@gmail.com,686 Smith Camp,2100,10,0
280915,Elaine,Cunningham,Elaine Cunningham,Elainec@gmail.com,0617 Mitchell Courts,3585,80,5
733242,Maria,Allen,Maria Allen,Mariaa@gmail.com,367 Taylor Row,2934,152,7
856914,Alvin,Schneck,Alvin Schneck,Alvins@gmail.com,563 Zavala Landing,6328,11,2
42543,Robert,Jones,Robert Jones,Robertj@gmail.com,2562 Tonya Falls,5899,153,8
398677,Grant,Rhodes,Grant Rhodes,Grantr@gmail.com,51697 Hill Spring,7329,12,2
119295,Jaime,Elhard,Jaime Elhard,Jaimee@gmail.com,7990 Welch Prairie Suite 649,9996,122,3
868342,Kendra,Bantz,Kendra Bantz,Kendrab@gmail.com,07683 Cynthia Mount,3257,154,2
845248,Phillip,Hamilton,Phillip Hamilton,Philliph@gmail.com,1816 Reynolds Summit,2676,74,7
331614,Robert,Jones,Robert Jones,Robertj@gmail.com,003 Walker Avenue Suite 561,4582,155,7
246798,Robert,Calder,Robert Calder,Robertc@gmail.com,64126 Fernandez Villages,4370,217,1
295333,Tracie,Fishman,Tracie Fishman,Tracief@gmail.com,9951 Shelby Plaza,6745,39,7
713855,Janet,Triffo,Janet Triffo,Janett@gmail.com,9832 Wood Skyway Apt. 440,6034,156,2
666031,Lucille,Hill,Lucille Hill,Lucilleh@gmail.com,30522 Jeff Corner,9427,144,9
435399,Julianne,Harper,Julianne Harper,Julianneh@gmail.com,78276 Kylie Expressway,4373,176,2
652427,Darlene,Walker,Darlene Walker,Darlenew@gmail.com,83343 Rogers Land,3777,186,0
76252,John,Killion,John Killion,Johnk@gmail.com,617 Heather Summit,5753,128,4
922835,Vickie,Farrell,Vickie Farrell,Vickief@gmail.com,49373 Daniels Plains Suite 640,3402,131,1
972588,Erika,Burdett,Erika Burdett,Erikab@gmail.com,90277 Pam Junctions,3336,201,2
502075,Ruthann,Downin,Ruthann Downin,Ruthannd@gmail.com,13422 Jason Grove,6134,157,8
107036,Edwin,Banks,Edwin Banks,Edwinb@gmail.com,7657 Melissa Hill,8616,89,0
772852,Marlin,Castelluccio,Marlin Castelluccio,Marlinc@gmail.com,14724 Scott Prairie Suite 829,9895,114,6
114969,Mary,Ferguson,Mary Ferguson,Maryf@gmail.com,2084 Wilson Crossroad,1928,68,8
697087,Rudy,Jones,Rudy Jones,Rudyj@gmail.com,1696 Martinez Via Apt. 271,3041,194,7
366095,Kelli,Ritter,Kelli Ritter,Kellir@gmail.com,175 Miller Trail,5913,128,0
220353,Douglas,Naves,Douglas Naves,Douglasn@gmail.com,820 Lisa Tunnel Suite 396,9213,131,1
125605,Lois,Keatts,Lois Keatts,Loisk@gmail.com,2209 Kurt Well Apt. 570,2512,201,9
271111,Matthew,Light,Matthew Light,Matthewl@gmail.com,03322 Scott Summit,7578,156,6
390133,Shauna,Pro,Shauna Pro,Shaunap@gmail.com,60507 Monica Hill,3676,158,1
179361,Ryan,Merchant,Ryan Merchant,Ryanm@gmail.com,6900 Matthew Ways,2383,188,5
47135,Marie,Day,Marie Day,Maried@gmail.com,6826 Reed Point,4366,33,9
293997,Robert,Vanhouten,Robert Vanhouten,Robertv@gmail.com,44799 Michael Camp Apt. 338,6595,17,6
730428,Lawrence,Akins,Lawrence Akins,Lawrencea@gmail.com,626 Walker Pass Suite 471,5568,174,6
781793,Juan,Marks,Juan Marks,Juanm@gmail.com,481 Kathleen Shoals,4588,83,8
389541,Jack,Jasinski,Jack Jasinski,Jackj@gmail.com,41568 Rojas Plaza,4672,100,4
328456,Anthony,Hughes,Anthony Hughes,Anthonyh@gmail.com,74781 Devin Landing,8308,126,7
602012,Fred,Raynes,Fred Raynes,Fredr@gmail.com,487 Tracey Camp,5298,181,9
137426,Maureen,Fain,Maureen Fain,Maureenf@gmail.com,03577 Stephen Dam Suite 314,7645,183,2
651910,Beverly,Kim,Beverly Kim,Beverlyk@gmail.com,46358 Sanders Circles,1930,133,1
778362,David,Belanger,David Belanger,Davidb@gmail.com,02419 Farley Avenue Apt. 810,4433,159,7
88743,William,Martindale,William Martindale,Williamm@gmail.com,6006 Young Pass Apt. 068,1424,36,2
60920,Susan,Reimer,Susan Reimer,Susanr@gmail.com,8127 Julie Valleys Apt. 814,1100,54,0
367242,Jennifer,Rhynes,Jennifer Rhynes,Jenniferr@gmail.com,7161 Nancy Oval Suite 886,1791,63,0
611350,James,Lengerich,James Lengerich,Jamesl@gmail.com,08461 Michael Streets Apt. 728,5717,72,1
584332,Jennifer,Tatro,Jennifer Tatro,Jennifert@gmail.com,6818 Sarah Corners Suite 570,3668,160,8
232377,Velma,Marshall,Velma Marshall,Velmam@gmail.com,9439 Hernandez Hill Apt. 136,3813,99,4
440858,Terrell,Mccane,Terrell Mccane,Terrellm@gmail.com,29330 Samuel Harbor Apt. 314,5795,32,3
737635,Bobby,Thornton,Bobby Thornton,Bobbyt@gmail.com,0922 Madeline Crossroad,4832,161,7
38421,Marilyn,Carson,Marilyn Carson,Marilync@gmail.com,596 Rodriguez Squares Apt. 737,7501,150,1
419016,Maribel,Roiger,Maribel Roiger,Maribelr@gmail.com,530 Dylan Manors Apt. 941,5148,1,9
77792,Jason,Mcbride,Jason Mcbride,Jasonm@gmail.com,283 Dennis Viaduct Apt. 753,1849,45,0
617433,Mitchell,Garbarino,Mitchell Garbarino,Mitchellg@gmail.com,7615 Tasha Pine,4455,162,3
993639,Bill,Freeman,Bill Freeman,Billf@gmail.com,63791 Margaret Walk Apt. 185,5373,85,2
704919,Daniel,Ellis,Daniel Ellis,Daniele@gmail.com,925 Veronica Harbors,6723,163,1
422354,Thomas,Burt,Thomas Burt,Thomasb@gmail.com,44308 Emma Village,7165,180,5
657280,Levi,Buckner,Levi Buckner,Levib@gmail.com,623 Martinez Groves Suite 380,9703,214,0
397556,Frederick,Palmer,Frederick Palmer,Frederickp@gmail.com,6771 Wells Mountain,5317,164,6
708173,Jose,Smith,Jose Smith,Joses@gmail.com,9558 Rebecca Avenue,6700,83,4
833803,Patricia,Norrix,Patricia Norrix,Patrician@gmail.com,64313 Larson Plains Apt. 284,6203,100,2
386960,Terry,Bateman,Terry Bateman,Terryb@gmail.com,8268 David Rapids Apt. 239,5139,126,2
574241,Michael,Keith,Michael Keith,Michaelk@gmail.com,71667 Christina Greens Suite 109,6908,181,4
811468,Brandi,Wesley,Brandi Wesley,Brandiw@gmail.com,3444 Robert Lights,9961,183,1
56987,Thomas,Myers,Thomas Myers,Thomasm@gmail.com,219 Burton Harbors,3170,18,7
582929,Susan,Torpey,Susan Torpey,Susant@gmail.com,282 Hernandez Parkways,5295,165,2
280459,Amanda,Morgan,Amanda Morgan,Amandam@gmail.com,66691 Megan Lodge Suite 315,6507,69,8
945664,Daniel,Levy,Daniel Levy,Daniell@gmail.com,891 Roy Bypass Apt. 341,9418,166,5
253926,Corine,Hughes,Corine Hughes,Corineh@gmail.com,448 Brown Garden Suite 961,5243,231,5
266529,Thomas,Wildridge,Thomas Wildridge,Thomasw@gmail.com,953 Paul Causeway,6178,76,0
509290,Joshua,Ballard,Joshua Ballard,Joshuab@gmail.com,280 Avila Mount Suite 066,6217,7,1
548941,Nancy,Mejias,Nancy Mejias,Nancym@gmail.com,2392 Fowler River,8109,84,4
259765,Joseph,Torres,Joseph Torres,Josepht@gmail.com,84167 Turner Roads,2002,111,6
105394,Billy,Schumaker,Billy Schumaker,Billys@gmail.com,949 Gibson Cliffs Apt. 624,7979,129,2
511032,Tina,Horton,Tina Horton,Tinah@gmail.com,26122 Matthew Avenue,7506,134,1
647214,Daniel,Ramos,Daniel Ramos,Danielr@gmail.com,7037 Benitez Shoal,6358,141,9
617975,Michel,Wilhelm,Michel Wilhelm,Michelw@gmail.com,83975 Wood Forge Apt. 366,9785,234,1
783333,Lynn,Lampl,Lynn Lampl,Lynnl@gmail.com,2242 Welch Knolls Suite 341,2495,60,4
73169,Leo,Hitchcock,Leo Hitchcock,Leoh@gmail.com,4645 Ali Vista,5378,78,2
580386,Francisco,Carlson,Francisco Carlson,Franciscoc@gmail.com,90149 Janice Divide,2799,219,0
593915,Damon,Xiong,Damon Xiong,Damonx@gmail.com,9603 Johnson Inlet Apt. 368,5665,167,2
703505,Esther,Pace,Esther Pace,Estherp@gmail.com,10589 Lance Summit Suite 401,3198,168,0
14688,Santiago,Allen,Santiago Allen,Santiagoa@gmail.com,7930 Barrett Flat,1481,152,9
758193,Brian,Blanke,Brian Blanke,Brianb@gmail.com,73797 Jones Fields,7253,11,2
486569,Benjamin,Mott,Benjamin Mott,Benjaminm@gmail.com,63155 Logan Springs,4929,169,8
60319,Elizabeth,Hernandez,Elizabeth Hernandez,Elizabethh@gmail.com,95099 Aaron Curve Suite 523,1693,36,6
527076,Margarita,Matthew,Margarita Matthew,Margaritam@gmail.com,90269 Bryan River Suite 370,6971,54,2
649409,Bryon,Hawthorne,Bryon Hawthorne,Bryonh@gmail.com,523 Holt Harbor,3268,63,9
622347,Janet,Jackson,Janet Jackson,Janetj@gmail.com,982 Ruiz Dam,4389,72,4
187653,Amy,Stafford,Amy Stafford,Amys@gmail.com,22984 Aaron Locks Suite 958,1563,160,2
110684,Ralph,White,Ralph White,Ralphw@gmail.com,9065 Rachel Creek,4314,29,6
500303,Paul,Ellis,Paul Ellis,Paule@gmail.com,281 Sullivan Plains,3248,74,2
182630,Clayton,Plumlee,Clayton Plumlee,Claytonp@gmail.com,29959 Wright Junctions,1177,155,0
352010,Larry,Lentz,Larry Lentz,Larryl@gmail.com,07193 Harris Manors,6329,217,2
813411,Martha,Cyr,Martha Cyr,Marthac@gmail.com,883 Taylor Rapids Suite 838,3077,18,9
4511,Betty,Dominick,Betty Dominick,Bettyd@gmail.com,1112 Sharp Motorway,9571,165,1
563867,Andrea,Dubiel,Andrea Dubiel,Andread@gmail.com,169 Snyder Lock Suite 568,7476,41,7
788538,Russell,Shireman,Russell Shireman,Russells@gmail.com,479 Simpson Gardens,5344,170,3
415863,Ada,Cannon,Ada Cannon,Adac@gmail.com,0941 Cory Lakes Suite 779,7225,114,4
318871,Robert,Banks,Robert Banks,Robertb@gmail.com,347 Susan Forge Suite 698,4369,97,4
199045,Robert,Bridges,Robert Bridges,Robertb@gmail.com,0355 Owen Rapid,5386,156,1
927358,Gregory,Frederick,Gregory Frederick,Gregoryf@gmail.com,29959 Soto Ports,6873,98,7
65526,Sue,Larson,Sue Larson,Suel@gmail.com,33609 Mosley Forest,1413,116,7
252196,Richard,Moss,Richard Moss,Richardm@gmail.com,77520 Allen Lane Suite 147,8540,142,1
332939,John,Mercer,John Mercer,Johnm@gmail.com,772 Jenkins Manor Apt. 469,8023,147,8
457690,Daniel,Lewis,Daniel Lewis,Daniell@gmail.com,5100 Shannon Gardens Apt. 485,4986,171,4
837673,Genny,Banner,Genny Banner,Gennyb@gmail.com,1570 Stephens Lake Apt. 378,9865,64,5
546431,Charles,Mcdearmont,Charles Mcdearmont,Charlesm@gmail.com,036 Shannon Pine Apt. 624,4570,172,7
265492,Marco,Santiago,Marco Santiago,Marcos@gmail.com,52043 Holly Stream,5447,69,4
312570,Matthew,Mills,Matthew Mills,Matthewm@gmail.com,14140 Haney Burg Suite 658,9588,173,3
892600,Clarence,Smith,Clarence Smith,Clarences@gmail.com,47453 Barber Parks Apt. 989,4426,91,0
182906,Virginia,Latham,Virginia Latham,Virginial@gmail.com,182 Patton Vista Apt. 015,3721,17,2
77714,Joanne,Doyle,Joanne Doyle,Joanned@gmail.com,183 Wilkinson Motorway Apt. 321,3418,174,7
47789,Maria,Davis,Maria Davis,Mariad@gmail.com,272 Brooke Shoal Apt. 946,1452,75,1
508635,Tony,Baldwin,Tony Baldwin,Tonyb@gmail.com,833 Gomez Spring,6507,175,0
783174,David,Gonzalez,David Gonzalez,Davidg@gmail.com,33376 Joshua Flats Suite 758,7788,113,9
261031,Frances,Weed,Frances Weed,Francesw@gmail.com,6819 Megan Inlet Suite 273,5133,144,0
878950,Marsha,Dickerson,Marsha Dickerson,Marshad@gmail.com,071 Megan Ramp Apt. 893,6888,176,3
476753,Lucas,Moran,Lucas Moran,Lucasm@gmail.com,589 Craig Flat,9695,186,6
61818,James,Smith,James Smith,Jamess@gmail.com,7362 Joseph Tunnel Suite 203,8845,75,0
806276,Sandra,Byrd,Sandra Byrd,Sandrab@gmail.com,9536 Teresa Plains Apt. 965,3340,53,0
16267,Micheal,Beaufort,Micheal Beaufort,Michealb@gmail.com,769 Zachary Meadow Suite 790,9833,86,1
610981,Clara,Russell,Clara Russell,Clarar@gmail.com,7998 Gordon Common Apt. 681,3305,11,8
236061,Sallie,Vega,Sallie Vega,Salliev@gmail.com,354 White Villages Suite 074,4610,20,6
180584,Ed,Zepeda,Ed Zepeda,Edz@gmail.com,9494 West Pike Suite 601,4454,177,3
993981,Douglas,Macfarland,Douglas Macfarland,Douglasm@gmail.com,32565 Brooks Village,5205,7,8
135440,Virginia,Davis,Virginia Davis,Virginiad@gmail.com,76489 Santiago Pike Suite 469,5955,84,7
816755,Carol,Martell,Carol Martell,Carolm@gmail.com,7270 Horton Summit,1789,111,2
367653,Hope,Binion,Hope Binion,Hopeb@gmail.com,5797 Tamara Pines,6130,129,4
48612,George,Stanton,George Stanton,Georges@gmail.com,26533 Selena Loaf Apt. 174,7405,134,3
635012,Kathy,Martin,Kathy Martin,Kathym@gmail.com,8830 Weaver Cliffs Apt. 399,2187,141,6
105870,William,Batts,William Batts,Williamb@gmail.com,190 Edwin Points Apt. 781,4400,234,4
296398,William,Pearson,William Pearson,Williamp@gmail.com,38591 Thomas Courts,3468,29,7
66112,Natasha,Yates,Natasha Yates,Natashay@gmail.com,644 Clark Branch,7876,68,2
598897,Angela,Murray,Angela Murray,Angelam@gmail.com,638 Thompson Ranch Apt. 972,8587,194,4
167307,Terri,Drumm,Terri Drumm,Terrid@gmail.com,4402 Sandra Freeway Apt. 282,9036,13,7
28355,Tiffany,Woods,Tiffany Woods,Tiffanyw@gmail.com,069 David Springs Suite 582,1483,22,2
333567,Kevin,Causey,Kevin Causey,Kevinc@gmail.com,5144 Jones Isle Suite 073,2847,15,7
759854,Lezlie,Hudson,Lezlie Hudson,Lezlieh@gmail.com,1849 Taylor Wells Suite 402,2260,178,0
885792,Rosalind,Chapman,Rosalind Chapman,Rosalindc@gmail.com,302 Alexa Lake,7689,106,1
649290,Eddie,Flores,Eddie Flores,Eddief@gmail.com,26355 Lucas Cliff Suite 832,6007,7,0
925692,Henry,Davis,Henry Davis,Henryd@gmail.com,11694 Gross Cape Apt. 727,9632,84,7
46399,Cary,Hughes,Cary Hughes,Caryh@gmail.com,24060 Buck Meadow,2890,111,8
716605,Kenneth,Gore,Kenneth Gore,Kennethg@gmail.com,4236 Robert Street,4744,129,7
748085,Shandra,Efird,Shandra Efird,Shandrae@gmail.com,22596 Lawson Square Suite 956,1761,134,1
760588,Robert,Mallory,Robert Mallory,Robertm@gmail.com,0841 Smith Square Apt. 357,1891,141,2
285613,Ashley,Leblanc,Ashley Leblanc,Ashleyl@gmail.com,14818 Johnson Avenue Suite 685,4749,234,4
422044,Philip,Taylor,Philip Taylor,Philipt@gmail.com,91108 Joel Stream Apt. 633,9318,18,1
58893,Berry,Dent,Berry Dent,Berryd@gmail.com,08819 Brenda Expressway Apt. 285,7839,165,9
647246,Deborah,Martin,Deborah Martin,Deborahm@gmail.com,30276 Torres River,3597,179,0
986418,Rhonda,Draper,Rhonda Draper,Rhondad@gmail.com,774 Karen Villages,1667,66,5
70355,Colleen,Shattuck,Colleen Shattuck,Colleens@gmail.com,470 Roberts Gateway,5464,60,7
331314,Margaret,Broadwell,Margaret Broadwell,Margaretb@gmail.com,14329 Jacob Alley Suite 192,6934,78,4
972872,Margaret,Best,Margaret Best,Margaretb@gmail.com,78154 Dyer Hill Suite 145,1060,219,7
616979,Ashley,Snowden,Ashley Snowden,Ashleys@gmail.com,770 Joseph Mountains Apt. 442,1430,85,9
706070,Aaron,Moore,Aaron Moore,Aaronm@gmail.com,97071 Brian Point Apt. 149,1361,163,5
713796,Celia,Lawyer,Celia Lawyer,Celial@gmail.com,67442 Carmen Flat,3955,180,0
418028,Daniel,Jones,Daniel Jones,Danielj@gmail.com,492 Shaun Lodge Apt. 688,8446,214,5
710395,Robert,Pitts,Robert Pitts,Robertp@gmail.com,5914 Michael Terrace,5607,7,3
394367,Dwayne,Skidmore,Dwayne Skidmore,Dwaynes@gmail.com,7427 April Squares Suite 840,9737,84,2
361790,Joyce,Briggs,Joyce Briggs,Joyceb@gmail.com,60716 Perez Island Suite 828,5608,111,0
229094,Adrian,Anderson,Adrian Anderson,Adriana@gmail.com,02582 Bryan Unions,8312,129,0
531566,Melanie,Colflesh,Melanie Colflesh,Melaniec@gmail.com,66448 Justin Village Apt. 413,3271,134,9
728657,Kevin,Sipper,Kevin Sipper,Kevins@gmail.com,92314 Morris Trace Apt. 489,1266,141,9
128760,Robert,Arias,Robert Arias,Roberta@gmail.com,77227 Sanchez Centers,1330,234,0
439785,Bridgette,Hinson,Bridgette Hinson,Bridgetteh@gmail.com,040 Donna Parkways Suite 887,3330,7,3
357299,Nathan,Calhoun,Nathan Calhoun,Nathanc@gmail.com,023 Jensen Crossing Suite 313,5423,84,7
386972,Rosa,Ferguson,Rosa Ferguson,Rosaf@gmail.com,9849 Brown Rapids Suite 892,9698,111,8
117593,Raymond,Wilkins,Raymond Wilkins,Raymondw@gmail.com,1582 Cruz Gardens Suite 041,8531,129,2
190266,Zachary,Comeau,Zachary Comeau,Zacharyc@gmail.com,12051 Baker Neck Apt. 848,6774,134,7
480900,Jamar,Bruno,Jamar Bruno,Jamarb@gmail.com,2630 Garcia Mountains Apt. 657,2277,141,9
639874,Lucile,Gutirrez,Lucile Gutirrez,Lucileg@gmail.com,2454 Ramirez Circle Apt. 100,9193,234,2
740523,Suzanne,Austin,Suzanne Austin,Suzannea@gmail.com,9269 Graves Meadow Suite 173,9120,130,9
999150,Gilbert,Steele,Gilbert Steele,Gilberts@gmail.com,218 Kim Isle,2649,98,4
166656,Lillian,Heller,Lillian Heller,Lillianh@gmail.com,1281 Sharon Haven Apt. 026,4256,116,7
482177,Frank,Taylor,Frank Taylor,Frankt@gmail.com,18362 Michael Pass Suite 919,2334,36,5
22238,Tammy,Schnakenberg,Tammy Schnakenberg,Tammys@gmail.com,03467 Garcia Ramp,3544,54,0
705989,Mattie,Rubin,Mattie Rubin,Mattier@gmail.com,70955 John Pines,5983,63,0
625215,Ellen,Justen,Ellen Justen,Ellenj@gmail.com,4600 Stone Fort Apt. 628,3538,72,2
364754,Russell,Walden,Russell Walden,Russellw@gmail.com,9232 Nicole Inlet Suite 196,4275,160,2
518353,Bud,Tessier,Bud Tessier,Budt@gmail.com,9837 Patel Lights,9301,46,9
127150,Marcia,Clegg,Marcia Clegg,Marciac@gmail.com,61219 Ryan Rapids,3082,189,1
979740,Hilario,Eaton,Hilario Eaton,Hilarioe@gmail.com,03748 Roach Camp Suite 304,9278,8,6
807235,Carla,Robinson,Carla Robinson,Carlar@gmail.com,314 Watson Course Suite 707,7337,9,0
621069,Tina,Baugh,Tina Baugh,Tinab@gmail.com,2514 Wallace Way Apt. 493,5865,35,1
376961,John,Musielak,John Musielak,Johnm@gmail.com,230 Brittany Port,7949,19,8
80496,Eufemia,Bales,Eufemia Bales,Eufemiab@gmail.com,579 Martinez Parkway Apt. 126,3979,149,1
415336,Louis,Kimble,Louis Kimble,Louisk@gmail.com,2245 Mary Stravenue,7013,143,4
899081,Howard,Kelley,Howard Kelley,Howardk@gmail.com,3644 Javier Station Suite 012,1240,33,2
134802,Walter,Spence,Walter Spence,Walters@gmail.com,019 Allison Street,7128,132,7
12669,Sheena,Lee,Sheena Lee,Sheenal@gmail.com,96207 Hebert Track Apt. 254,2776,83,0
623565,Judith,Opunui,Judith Opunui,Juditho@gmail.com,44221 Mayo Park Suite 311,2533,100,8
485427,Stevie,Osterhoudt,Stevie Osterhoudt,Stevieo@gmail.com,755 Gloria Shore,9503,126,0
384793,Edward,Dempsey,Edward Dempsey,Edwardd@gmail.com,57062 Hooper Crossroad,7047,181,2
317885,Corey,Rafferty,Corey Rafferty,Coreyr@gmail.com,35068 Hardy Squares Suite 069,2660,183,0
152229,Derrick,Puulei,Derrick Puulei,Derrickp@gmail.com,3840 Anne Curve,3996,151,8
14587,Tiffany,Mcgurr,Tiffany Mcgurr,Tiffanym@gmail.com,59194 Wade Freeway,3939,85,0
819767,Shirley,Matthews,Shirley Matthews,Shirleym@gmail.com,80516 Evans Flat,6871,163,3
151808,Ramon,Sousa,Ramon Sousa,Ramons@gmail.com,26724 Norton Run Apt. 767,9877,180,2
613424,Clifford,Desilets,Clifford Desilets,Cliffordd@gmail.com,507 Nunez Estate Apt. 476,7152,214,6
647134,Robin,Anderson,Robin Anderson,Robina@gmail.com,5960 Martin Avenue,1055,182,2
416830,Latasha,Nery,Latasha Nery,Latashan@gmail.com,7012 Lawrence Village Apt. 673,1267,10,6
806298,Roger,Caudill,Roger Caudill,Rogerc@gmail.com,95186 Maurice Points,1327,80,6
442194,Richard,Fennern,Richard Fennern,Richardf@gmail.com,5287 Solis Spring Apt. 481,1775,92,9
137118,Mariana,Brown,Mariana Brown,Marianab@gmail.com,726 Terrence Passage Apt. 383,1048,161,0
469954,Elizabeth,Leung,Elizabeth Leung,Elizabethl@gmail.com,5684 Eric Junctions,2250,36,4
967781,Lee,Nelson,Lee Nelson,Leen@gmail.com,147 Morales Center Suite 380,5033,54,8
27250,James,Scott,James Scott,Jamess@gmail.com,589 Morris Mountain Suite 136,7383,63,5
675814,Julie,Greene,Julie Greene,Julieg@gmail.com,60617 Debra Mall,7835,72,3
219013,Nicole,Chatman,Nicole Chatman,Nicolec@gmail.com,807 Baker Grove Suite 888,1269,160,4
989971,Sharon,Henderson,Sharon Henderson,Sharonh@gmail.com,903 Jackson Ports Apt. 815,2213,41,4
429089,James,Hellard,James Hellard,Jamesh@gmail.com,35605 Copeland Bridge Suite 280,2554,83,8
400693,Justin,Lutz,Justin Lutz,Justinl@gmail.com,53256 Alyssa Mountains Suite 973,3001,100,7
367444,Adolph,Rosen,Adolph Rosen,Adolphr@gmail.com,599 Juan Ranch Apt. 329,6320,126,4
419072,Jerry,Jackson,Jerry Jackson,Jerryj@gmail.com,470 Reyes Loaf Suite 942,3569,181,5
994654,Edward,Tavarez,Edward Tavarez,Edwardt@gmail.com,319 Amber Drive Apt. 607,3102,183,3
890130,Arlene,Bowers,Arlene Bowers,Arleneb@gmail.com,62054 Michelle Road,1826,68,9
577888,Jamie,Limbo,Jamie Limbo,Jamiel@gmail.com,465 Zachary Island,8315,194,5
203202,Oscar,Bundy,Oscar Bundy,Oscarb@gmail.com,6299 Destiny Port,9190,85,4
221083,Karen,Henriques,Karen Henriques,Karenh@gmail.com,68781 Kathryn Overpass Suite 119,7676,163,0
273461,Vincent,Monroe,Vincent Monroe,Vincentm@gmail.com,8572 Gerald Extensions,9071,180,0
871234,Thomas,Holter,Thomas Holter,Thomash@gmail.com,414 Diana Parkway Apt. 177,2630,214,2
980862,Susan,Ybanez,Susan Ybanez,Susany@gmail.com,7919 Danielle Light,4148,8,8
766833,Cyrus,Razor,Cyrus Razor,Cyrusr@gmail.com,5365 Barbara Plains,1312,9,7
744298,Kristal,Meeks,Kristal Meeks,Kristalm@gmail.com,8797 Gloria Cove,4080,184,0
142040,Gladys,Garland,Gladys Garland,Gladysg@gmail.com,4683 Atkinson Ports,5609,16,0
676916,Dennis,Newlin,Dennis Newlin,Dennisn@gmail.com,729 Hale Extension,4611,185,3
816499,John,Vick,John Vick,Johnv@gmail.com,934 Foster Stravenue Suite 707,6930,68,4
611476,Frank,Jackson,Frank Jackson,Frankj@gmail.com,2357 Cindy Cliff,5236,194,1
631177,Mary,Riley,Mary Riley,Maryr@gmail.com,167 Elijah Springs Apt. 646,9792,64,0
590727,Margaret,Okon,Margaret Okon,Margareto@gmail.com,27599 Erica Expressway,8178,32,7
589476,Steven,Sims,Steven Sims,Stevens@gmail.com,88306 Griffith Corners Apt. 692,6838,144,7
604991,Jo,Boyd,Jo Boyd,Job@gmail.com,58011 Anthony Road Suite 371,8673,176,7
484437,Frank,Harpole,Frank Harpole,Frankh@gmail.com,67037 Michael Squares,8270,186,2
379569,Dean,Mercado,Dean Mercado,Deanm@gmail.com,5491 Amanda Forks Suite 181,5025,109,5
992750,Samuel,Williams,Samuel Williams,Samuelw@gmail.com,0635 Richard Mountain Apt. 846,6856,161,0
359988,Jessica,Schiller,Jessica Schiller,Jessicas@gmail.com,5326 James Junction Apt. 062,4724,26,1
926694,Amy,Hess,Amy Hess,Amyh@gmail.com,14538 Kennedy Ford Apt. 602,4726,187,7
492052,Kimberly,Glick,Kimberly Glick,Kimberlyg@gmail.com,24697 Mark Route,5231,158,2
519751,Anne,Bernardy,Anne Bernardy,Anneb@gmail.com,018 Vicki Wells Suite 481,7760,188,2
732803,Germaine,Miller,Germaine Miller,Germainem@gmail.com,13489 David Shores Apt. 646,6428,150,2
921596,Charles,Bouillon,Charles Bouillon,Charlesb@gmail.com,5840 David Hollow,6318,25,7
865033,Kelly,Kimball,Kelly Kimball,Kellyk@gmail.com,4734 Todd Points Apt. 866,2886,128,9
228770,Williams,Wynn,Williams Wynn,Williamsw@gmail.com,207 Holmes Radial Apt. 085,5465,131,0
542627,Forrest,Best,Forrest Best,Forrestb@gmail.com,5209 Goodman Park,2074,201,3
88225,Carlos,Ramirez,Carlos Ramirez,Carlosr@gmail.com,510 Coleman Locks,1525,46,7
921780,Kristin,Hodges,Kristin Hodges,Kristinh@gmail.com,477 Freeman Shore,2729,189,0
19808,Michael,Alexander,Michael Alexander,Michaela@gmail.com,770 Lewis Views,9725,190,2
158995,Melanie,Villicana,Melanie Villicana,Melaniev@gmail.com,73128 Conway Underpass Apt. 740,5560,128,8
151819,Artie,Hall,Artie Hall,Artieh@gmail.com,22876 Owens Crossroad Apt. 803,6666,131,2
796901,John,Johnson,John Johnson,Johnj@gmail.com,930 Hawkins Stravenue Apt. 186,8198,201,4
818831,Leonard,Jackson,Leonard Jackson,Leonardj@gmail.com,4182 Larsen Lodge,1123,4,0
126239,Iva,Corke,Iva Corke,Ivac@gmail.com,9322 Castro Mountains,6210,191,2
198187,Constance,Sylvester,Constance Sylvester,Constances@gmail.com,163 Beth Flats Suite 688,5160,33,9
971120,Vincent,Wright,Vincent Wright,Vincentw@gmail.com,0971 Megan Streets Suite 367,3625,38,5
607992,Zachary,Hearn,Zachary Hearn,Zacharyh@gmail.com,8968 Riggs Hills Apt. 449,8289,49,4
417457,Paul,Griffin,Paul Griffin,Paulg@gmail.com,70811 Amber Creek Suite 969,8998,46,0
141600,Patrica,Cecena,Patrica Cecena,Patricac@gmail.com,287 Kelly Mews,7817,189,3
114541,Jerry,Mcclard,Jerry Mcclard,Jerrym@gmail.com,9585 Fox Club,6979,8,2
434579,Charles,Copenhaver,Charles Copenhaver,Charlesc@gmail.com,74767 Herbert Cape Suite 147,5802,9,2
44900,Amy,Rotunda,Amy Rotunda,Amyr@gmail.com,50311 Jennifer Junctions,2808,33,1
90659,Alberto,Croghan,Alberto Croghan,Albertoc@gmail.com,03199 Lorraine Inlet Apt. 354,5487,106,1
146232,Donna,Murphy,Donna Murphy,Donnam@gmail.com,1811 Tina Courts,3940,40,6
37523,Nancy,Whitehead,Nancy Whitehead,Nancyw@gmail.com,14587 Smith Roads,8613,94,6
599070,Keith,Day,Keith Day,Keithd@gmail.com,561 Williams Trail Apt. 707,7787,192,1
290489,Robert,Giordano,Robert Giordano,Robertg@gmail.com,76794 Jimenez Springs Apt. 987,8633,61,2
540740,Malika,Bengtson,Malika Bengtson,Malikab@gmail.com,3453 Robert Vista Apt. 376,3686,115,6
437752,Keith,Cribb,Keith Cribb,Keithc@gmail.com,85259 Lisa Village Apt. 550,3475,228,4
176354,Vickie,Miller,Vickie Miller,Vickiem@gmail.com,5505 Monica Gateway Suite 095,1151,7,7
678912,Carol,Schmidt,Carol Schmidt,Carols@gmail.com,45670 Brown Groves,7970,84,0
559876,Donna,Watson,Donna Watson,Donnaw@gmail.com,525 Jason Plains,1757,111,0
486906,Jade,Ellington,Jade Ellington,Jadee@gmail.com,587 Daniel Highway Apt. 206,6611,129,5
629835,Rodney,Carrell,Rodney Carrell,Rodneyc@gmail.com,10355 Lisa Track,9296,134,8
289165,Dennis,Jackson,Dennis Jackson,Dennisj@gmail.com,25925 Maxwell Crossing,1337,141,9
943674,Rick,Reyes,Rick Reyes,Rickr@gmail.com,291 Harding Rapids Suite 272,5817,234,0
522530,Jeffrey,Ortmann,Jeffrey Ortmann,Jeffreyo@gmail.com,056 Ricky Walk Suite 476,3040,182,7
125740,Gene,Niedringhaus,Gene Niedringhaus,Genen@gmail.com,25501 Davis Track Apt. 948,5100,4,1
281825,Kevin,Mirsky,Kevin Mirsky,Kevinm@gmail.com,775 Brooke Row,8818,193,3
36654,Ruth,Frisby,Ruth Frisby,Ruthf@gmail.com,31564 Snyder Lodge Suite 987,1176,16,5
458408,Wanda,James,Wanda James,Wandaj@gmail.com,27486 Tracy Stream,9175,185,2
508637,Richard,Ault,Richard Ault,Richarda@gmail.com,2473 Erika Drive,1457,68,2
625612,Justin,Smith,Justin Smith,Justins@gmail.com,8809 Alan Glens Suite 939,9798,194,2
106821,Hattie,Seymour,Hattie Seymour,Hatties@gmail.com,414 Micheal Tunnel Suite 088,9198,83,2
891593,Clyde,Wilkinson,Clyde Wilkinson,Clydew@gmail.com,29697 Carr Trail,6941,100,8
150902,Janice,Phillips,Janice Phillips,Janicep@gmail.com,013 Anthony Bridge Suite 674,5097,126,2
373593,Spencer,Graham,Spencer Graham,Spencerg@gmail.com,4086 Thomas Island Suite 759,8275,181,0
534657,Leo,Kaba,Leo Kaba,Leok@gmail.com,688 Ricky Meadows Apt. 656,5858,183,9
5540,Holly,Hatch,Holly Hatch,Hollyh@gmail.com,23727 Joshua Mountains,8594,85,6
608175,Jenifer,Gee,Jenifer Gee,Jeniferg@gmail.com,7693 Tina Plains Apt. 839,8683,163,7
698593,Jackson,Lolley,Jackson Lolley,Jacksonl@gmail.com,5655 Jacqueline Meadow,8973,180,1
785720,Armando,Gallaway,Armando Gallaway,Armandog@gmail.com,2946 Porter Hollow Apt. 768,6510,214,0
43436,Walter,Mayers,Walter Mayers,Walterm@gmail.com,0785 Edwards Mountain Apt. 459,4180,195,7
906912,Williams,Terrell,Williams Terrell,Williamst@gmail.com,2718 Morales Ridges,7413,218,8
557200,Rhonda,Humphreys,Rhonda Humphreys,Rhondah@gmail.com,909 Jordan Circles Apt. 276,4930,104,2
301308,Juan,Black,Juan Black,Juanb@gmail.com,381 Moore Glen Apt. 500,7357,117,5
619313,Perry,Ginn,Perry Ginn,Perryg@gmail.com,598 Arroyo Flats,1337,159,9
915693,Audrey,Peterson,Audrey Peterson,Audreyp@gmail.com,27619 Lewis Parkway Suite 331,4734,107,9
492670,Frank,Mcmahon,Frank Mcmahon,Frankm@gmail.com,705 Fleming Village Apt. 661,7362,53,1
922540,Jonathon,Jones,Jonathon Jones,Jonathonj@gmail.com,21397 Diaz Parkway Apt. 430,8429,106,1
37905,Michael,Curtis,Michael Curtis,Michaelc@gmail.com,4994 Parker Springs Apt. 778,1084,196,7
169499,Robert,Lewter,Robert Lewter,Robertl@gmail.com,7304 Gloria Valley Suite 014,6335,227,2
74702,Walter,Fletcher,Walter Fletcher,Walterf@gmail.com,4995 Sergio Road,4685,6,0
428274,Justin,Stohlton,Justin Stohlton,Justins@gmail.com,5320 Aaron Forks,3689,28,2
858727,Josephine,Spatz,Josephine Spatz,Josephines@gmail.com,265 Anthony Ville Suite 214,8185,62,9
512192,Essie,Smith,Essie Smith,Essies@gmail.com,848 Ellis Points Apt. 018,9119,125,4
225564,Gloria,Quinn,Gloria Quinn,Gloriaq@gmail.com,3007 Tyler Dale,8293,137,2
582047,Alice,Torres,Alice Torres,Alicet@gmail.com,276 Sarah Run,1456,197,9
858780,Scott,Frantz,Scott Frantz,Scottf@gmail.com,9330 William Corner Apt. 866,6375,46,3
971761,Lillie,Fairbanks,Lillie Fairbanks,Lillief@gmail.com,8933 Christine Burgs Apt. 312,2899,189,8
344360,Irving,Aponte,Irving Aponte,Irvinga@gmail.com,5025 Robertson Mews Suite 299,8438,198,8
633942,Susan,Conroy,Susan Conroy,Susanc@gmail.com,4899 Cabrera Valley,2775,173,6
636123,Jennifer,Steward,Jennifer Steward,Jennifers@gmail.com,6673 Johnson Tunnel Suite 235,1472,175,0
319392,William,Anglin,William Anglin,Williama@gmail.com,20049 Chambers Forest Suite 812,3233,66,1
573116,Joe,Phoenix,Joe Phoenix,Joep@gmail.com,235 Sandra Courts Apt. 695,9006,199,4
297752,Maile,Woltz,Maile Woltz,Mailew@gmail.com,686 Rose Plains Apt. 784,3291,26,5
627168,Martin,Byers,Martin Byers,Martinb@gmail.com,0107 Paul Shores Suite 389,9190,191,8
130814,Herbert,Canas,Herbert Canas,Herbertc@gmail.com,03841 Nguyen Glens,1125,119,7
432997,Woodrow,Birks,Woodrow Birks,Woodrowb@gmail.com,36943 Robert Ridges Suite 229,4867,5,8
676640,Joseph,Brown,Joseph Brown,Josephb@gmail.com,5621 Wanda Corners,3243,200,0
253575,David,Mcannally,David Mcannally,Davidm@gmail.com,563 Javier Ranch,1321,7,2
132843,Mary,Lomanto,Mary Lomanto,Maryl@gmail.com,191 Juan Path Apt. 007,9287,84,2
83105,Betty,Smith,Betty Smith,Bettys@gmail.com,6913 Evans Overpass Suite 624,1734,111,6
438291,Alison,Ralston,Alison Ralston,Alisonr@gmail.com,2379 Matthew Landing,3592,129,0
826568,Ruth,King,Ruth King,Ruthk@gmail.com,4999 Robert Mall Apt. 765,2733,134,7
611051,Pamela,Morales,Pamela Morales,Pamelam@gmail.com,52227 Scott Tunnel,7259,141,1
550736,Richard,Glass,Richard Glass,Richardg@gmail.com,72803 Fuller Pines Apt. 263,9739,234,7
933596,Rick,Huddleston,Rick Huddleston,Rickh@gmail.com,79686 Gloria Shoals Suite 101,5560,169,2
462442,Erica,Anyan,Erica Anyan,Ericaa@gmail.com,4578 Thomas Falls,7365,42,3
94124,Harriet,Munez,Harriet Munez,Harrietm@gmail.com,411 Rebecca Bridge Apt. 066,5024,73,7
870771,Susan,Ware,Susan Ware,Susanw@gmail.com,45740 Landry Knolls,7568,128,6
119555,Ernest,Newson,Ernest Newson,Ernestn@gmail.com,33580 Kim Brook,8994,131,3
604016,Joel,Watts,Joel Watts,Joelw@gmail.com,189 Jeffrey Circle Suite 270,6324,201,0
652492,Nathan,Medellin,Nathan Medellin,Nathanm@gmail.com,3624 Clark Village,1337,42,8
436015,Tyrone,Davison,Tyrone Davison,Tyroned@gmail.com,1220 Lori Inlet,2559,73,2
918521,Russel,Douglas,Russel Douglas,Russeld@gmail.com,815 Thomas Expressway,7138,39,2
146564,William,Awalt,William Awalt,Williama@gmail.com,33974 Gibson Harbor Suite 870,4623,202,2
410238,Joyce,Solomon,Joyce Solomon,Joyces@gmail.com,2987 Oliver Underpass Apt. 570,3666,210,9
437945,Clara,Bailey,Clara Bailey,Clarab@gmail.com,2083 Martin Corners,6925,99,4
252170,Sheila,Munson,Sheila Munson,Sheilam@gmail.com,380 Julie Mountain,3444,197,2
742235,John,Rogers,John Rogers,Johnr@gmail.com,10161 Charlotte Bypass Apt. 902,2718,83,0
108081,Grady,Hannah,Grady Hannah,Gradyh@gmail.com,57388 Baker Field Apt. 685,9345,100,5
489880,Nellie,Salisbury,Nellie Salisbury,Nellies@gmail.com,31539 Miranda Point,8063,126,6
425966,Doris,Cordova,Doris Cordova,Dorisc@gmail.com,8557 Jesse Passage,5073,181,0
933379,Mary,Guerra,Mary Guerra,Maryg@gmail.com,04998 Jones Port,6109,183,1
252581,Richard,Vinson,Richard Vinson,Richardv@gmail.com,589 Karen Spring,1391,36,9
941400,Mildred,Jones,Mildred Jones,Mildredj@gmail.com,6418 Sara Trafficway,4141,54,3
47277,Kevin,Martin,Kevin Martin,Kevinm@gmail.com,08026 Jason Trace,8500,63,6
149049,Amy,Hart,Amy Hart,Amyh@gmail.com,67616 Jones Hollow Suite 666,4471,72,8
951689,Julia,Chatfield,Julia Chatfield,Juliac@gmail.com,2820 Brown Key,1114,160,5
483516,Stephanie,Van,Stephanie Van,Stephaniev@gmail.com,42058 Williams Plaza,8258,8,6
409753,Jamal,Guinan,Jamal Guinan,Jamalg@gmail.com,847 David Groves Suite 284,2593,9,1
985410,Antoine,Alba,Antoine Alba,Antoinea@gmail.com,94079 Rita Terrace Suite 745,1267,98,0
693786,Anthony,Blackburn,Anthony Blackburn,Anthonyb@gmail.com,84414 Williams Harbor,2559,116,6
710282,Stephen,Sullivan,Stephen Sullivan,Stephens@gmail.com,59320 Anderson Pine Suite 258,5946,137,0
270805,Janice,Florian,Janice Florian,Janicef@gmail.com,79647 Villanueva Estates Apt. 490,8015,29,7
620640,Rex,Garbe,Rex Garbe,Rexg@gmail.com,087 Williams Knoll Apt. 804,5225,203,3
420759,Emma,Haas,Emma Haas,Emmah@gmail.com,7838 Judith Terrace Suite 446,3792,64,2
416526,Robert,Brunelle,Robert Brunelle,Robertb@gmail.com,3000 Castro Avenue,1158,83,3
343427,Madeline,Markus,Madeline Markus,Madelinem@gmail.com,622 Barrett Forges Apt. 440,6672,100,9
197601,Patricia,Burke,Patricia Burke,Patriciab@gmail.com,16202 Richard Highway Suite 628,8224,126,0
22954,Pauline,Soto,Pauline Soto,Paulines@gmail.com,006 Miller Squares,6479,181,4
682834,Kristi,Dunn,Kristi Dunn,Kristid@gmail.com,163 Brian Lights Apt. 517,8128,183,1
26720,Maria,Hendriks,Maria Hendriks,Mariah@gmail.com,899 Warner Plains Suite 927,7295,13,6
475090,Henry,Lewis,Henry Lewis,Henryl@gmail.com,25672 Miller Branch Suite 871,3014,204,2
462572,Melissa,Morrissey,Melissa Morrissey,Melissam@gmail.com,66432 Christine Run Apt. 023,7344,178,7
254048,Robert,Penya,Robert Penya,Robertp@gmail.com,709 Brian Fort,1144,142,4
747918,Charles,Hanson,Charles Hanson,Charlesh@gmail.com,350 Berry Common Apt. 543,8889,147,6
731210,Cynthia,Ellingsworth,Cynthia Ellingsworth,Cynthiae@gmail.com,871 Dean Squares,7609,25,0
880664,Allison,Guthrie,Allison Guthrie,Allisong@gmail.com,6002 Alan Coves,1168,71,8
14043,Glenda,Prosperie,Glenda Prosperie,Glendap@gmail.com,64952 Yates Estate Apt. 008,1688,13,0
340039,Micheal,Mckee,Micheal Mckee,Michealm@gmail.com,8189 Castillo Way,9615,158,2
953640,Mark,Ziegler,Mark Ziegler,Markz@gmail.com,815 Miller Union Apt. 362,3668,188,0
927806,John,Fitzgerald,John Fitzgerald,Johnf@gmail.com,6456 Timothy Track,5011,1,3
743762,Maria,Fenelus,Maria Fenelus,Mariaf@gmail.com,49109 Leon Lake Apt. 338,3526,45,5
768465,Nina,Callahan,Nina Callahan,Ninac@gmail.com,51180 Meghan Villages,9396,57,6
136282,Trudie,Bramblett,Trudie Bramblett,Trudieb@gmail.com,5621 Michael Islands,1858,4,3
943161,Robert,Cronin,Robert Cronin,Robertc@gmail.com,4241 Jones Mountains Suite 470,5579,205,2
598608,Rodney,Stevens,Rodney Stevens,Rodneys@gmail.com,25294 Sabrina Ferry Suite 365,2012,43,0
549599,Leon,Rork,Leon Rork,Leonr@gmail.com,82010 Robert Junction Suite 065,9092,206,6
577933,Laura,Healy,Laura Healy,Laurah@gmail.com,499 Cervantes Vista Apt. 778,9581,16,7
723825,Lorraine,Rosenthal,Lorraine Rosenthal,Lorrainer@gmail.com,9079 Bryan Stravenue,9701,185,5
786509,John,Latta,John Latta,Johnl@gmail.com,88760 Ryan Camp Suite 265,4402,207,5
68942,Kristen,Salvaggio,Kristen Salvaggio,Kristens@gmail.com,059 Robin Stravenue Apt. 542,1802,208,0
523003,Judith,Floyd,Judith Floyd,Judithf@gmail.com,5179 Nelson Run,4349,209,6
845837,Abbey,Oboyle,Abbey Oboyle,Abbeyo@gmail.com,7233 Ashley Port Apt. 153,9814,195,5
652924,Mathew,Kyseth,Mathew Kyseth,Mathewk@gmail.com,1120 Brittany Spur Apt. 449,3227,218,4
306805,Latanya,Montgomery,Latanya Montgomery,Latanyam@gmail.com,666 Ronald Cape Suite 686,7190,203,2
397469,Dena,Ginkel,Dena Ginkel,Denag@gmail.com,3389 Patel Court,5266,128,3
205499,Olive,Hambrick,Olive Hambrick,Oliveh@gmail.com,43077 Douglas Junction,2366,131,8
847391,Walter,Ell,Walter Ell,Waltere@gmail.com,570 John Grove,7438,201,0
682197,Gary,Rivera,Gary Rivera,Garyr@gmail.com,57612 Clark Roads Apt. 670,5560,3,9
11691,Aaron,Gonzalez,Aaron Gonzalez,Aarong@gmail.com,8851 Miranda Rapids,5834,82,0
67270,Helen,Rascon,Helen Rascon,Helenr@gmail.com,5314 Mcconnell Mountains Apt. 523,1062,209,2
814274,Chong,Priest,Chong Priest,Chongp@gmail.com,37385 Mitchell Track,2701,68,0
840586,Kim,Tolliver,Kim Tolliver,Kimt@gmail.com,510 Mary Center,1690,194,6
391332,Maria,Cuomo,Maria Cuomo,Mariac@gmail.com,2764 Wright Creek Suite 658,6843,206,0
121031,Kenneth,Moore,Kenneth Moore,Kennethm@gmail.com,487 Shannon Locks Suite 982,2435,89,3
769506,Brian,Lukach,Brian Lukach,Brianl@gmail.com,401 Connor Estates,2695,41,9
440538,Vincent,Eison,Vincent Eison,Vincente@gmail.com,6406 Sarah Loaf,8748,121,0
247878,Lila,Shaffner,Lila Shaffner,Lilas@gmail.com,04065 Nguyen Drive,5363,127,2
840973,Heather,Cunningham,Heather Cunningham,Heatherc@gmail.com,7074 Angela Lodge Suite 086,2749,98,2
995624,Phyllis,Avenoso,Phyllis Avenoso,Phyllisa@gmail.com,9344 Banks Village Apt. 082,4008,116,2
613879,Kyle,Barkdoll,Kyle Barkdoll,Kyleb@gmail.com,7020 Amanda Drive,2389,5,4
872230,Judith,Irizarry,Judith Irizarry,Judithi@gmail.com,442 Christina Summit,3861,38,3
564640,Sandra,Albair,Sandra Albair,Sandraa@gmail.com,5432 Ayers Motorway,6613,119,6
934207,Mary,Oneal,Mary Oneal,Maryo@gmail.com,3576 John Fields Suite 793,9162,40,0
934976,Lovetta,Hickey,Lovetta Hickey,Lovettah@gmail.com,608 Brittany Shoal Apt. 956,3550,94,8
649938,Jean,Ford,Jean Ford,Jeanf@gmail.com,85940 Elizabeth Fields,6505,192,2
603339,David,Bell,David Bell,Davidb@gmail.com,28046 Stacy Stream,1765,51,4
822411,Henry,Skinner,Henry Skinner,Henrys@gmail.com,116 Williams Pines Apt. 471,5545,65,7
984249,Wesley,Norris,Wesley Norris,Wesleyn@gmail.com,8859 Gay Isle Apt. 742,1642,144,4
798975,Anthony,Stephens,Anthony Stephens,Anthonys@gmail.com,238 Bryan Parkways Suite 903,3020,176,2
912467,Elvis,Maynard,Elvis Maynard,Elvism@gmail.com,9486 Douglas Forest Apt. 620,9344,186,2
88199,Margaret,Bettencourt,Margaret Bettencourt,Margaretb@gmail.com,796 Jonathan Passage Apt. 861,9086,43,9
636531,Corrine,Powell,Corrine Powell,Corrinep@gmail.com,000 Brittany Ford,9702,173,0
46804,Richard,King,Richard King,Richardk@gmail.com,9013 Christopher Village,4477,27,6
281010,Joanna,Holden,Joanna Holden,Joannah@gmail.com,7680 Bennett Point,7720,202,0
35446,Jason,Gonzales,Jason Gonzales,Jasong@gmail.com,228 Lopez Shoal,5536,210,7
504318,Robert,Montgomery,Robert Montgomery,Robertm@gmail.com,482 Martinez Crescent,2828,77,2
865319,Jay,Rodriguez,Jay Rodriguez,Jayr@gmail.com,049 Rice Center,6054,28,4
251009,Mike,Thompson,Mike Thompson,Miket@gmail.com,28919 Barnes Lights,8310,62,4
44391,June,Todd,June Todd,Junet@gmail.com,79697 Richard Gardens Apt. 025,7866,125,1
377329,Mary,Beach,Mary Beach,Maryb@gmail.com,217 Haas Islands,6189,104,0
997349,Ruth,Rodriguez,Ruth Rodriguez,Ruthr@gmail.com,915 Hamilton Walk Apt. 834,2676,117,3
967768,Elizabeth,Hughes,Elizabeth Hughes,Elizabethh@gmail.com,72548 Justin Green,8513,87,1
50777,Christopher,Juares,Christopher Juares,Christopherj@gmail.com,81441 Terri Springs Suite 473,4459,115,4
78027,Bernard,Gonzalez,Bernard Gonzalez,Bernardg@gmail.com,061 Devin Walk Suite 139,4413,228,9
452371,Kimberly,Orahood,Kimberly Orahood,Kimberlyo@gmail.com,460 Schultz Path Apt. 577,6516,211,9
176856,Rita,Warren,Rita Warren,Ritaw@gmail.com,71885 Jessica Trace Suite 810,7316,221,3
621579,Isis,Stevens,Isis Stevens,Isiss@gmail.com,9199 Daniel Extensions Suite 408,1164,161,2
95284,Leigh,Eddy,Leigh Eddy,Leighe@gmail.com,58367 Debra Cape Apt. 281,5235,18,3
909858,William,Medina,William Medina,Williamm@gmail.com,819 Kimberly Forges,9551,165,4
487590,Lauren,Szmidt,Lauren Szmidt,Laurens@gmail.com,889 John Plains Apt. 654,9015,61,0
159745,Kathleen,Flagg,Kathleen Flagg,Kathleenf@gmail.com,450 Jessica Extensions,3127,212,1
345670,Steven,Hixson,Steven Hixson,Stevenh@gmail.com,43941 Carlos Drives Apt. 358,5341,213,1
413113,David,Mccracken,David Mccracken,Davidm@gmail.com,174 Brian Burg Suite 916,5105,112,7
557692,Mary,Klar,Mary Klar,Maryk@gmail.com,64618 Daniel Shoal Suite 312,7671,153,6
404688,Ronnie,Young,Ronnie Young,Ronniey@gmail.com,6940 Byrd Plains Suite 129,4319,177,0
666834,Paul,Fitzgerald,Paul Fitzgerald,Paulf@gmail.com,78956 Adam Hollow,5419,178,0
895965,Jeremy,Turner,Jeremy Turner,Jeremyt@gmail.com,05210 Richard Land,6313,85,8
170004,William,Doonan,William Doonan,Williamd@gmail.com,1647 Ashley Branch Apt. 932,5309,163,3
638309,Lorenzo,Oldham,Lorenzo Oldham,Lorenzoo@gmail.com,811 Shea Dale,8671,180,6
958494,Benjamin,Edgley,Benjamin Edgley,Benjamine@gmail.com,3598 Matthew Burg,7768,214,0
833258,Mildred,Alvarez,Mildred Alvarez,Mildreda@gmail.com,112 Perez Vista Apt. 110,2559,139,1
300451,Esther,Foster,Esther Foster,Estherf@gmail.com,560 Watson Key,7896,158,2
433092,Tara,Long,Tara Long,Taral@gmail.com,556 Daniel River Apt. 440,1888,188,3
218822,William,Berenbaum,William Berenbaum,Williamb@gmail.com,2440 Stevens Roads,7414,207,4
870372,George,Munari,George Munari,Georgem@gmail.com,091 Scott Hill Apt. 219,7910,150,3
288900,Virginia,Hoffman,Virginia Hoffman,Virginiah@gmail.com,871 Walker Mill Apt. 282,2119,89,3
401303,Dale,Richmond,Dale Richmond,Daler@gmail.com,132 Jean Ford Suite 616,8268,13,6
111806,Micheal,Weber,Micheal Weber,Michealw@gmail.com,775 Mullins Flats Apt. 552,6386,28,5
694863,Debra,Shapiro,Debra Shapiro,Debras@gmail.com,71505 Fisher Viaduct,2700,62,2
401256,Thomas,Layne,Thomas Layne,Thomasl@gmail.com,9546 Alexandra Burgs Apt. 546,1328,125,3
715390,Brenda,Jackson,Brenda Jackson,Brendaj@gmail.com,5533 Holly Mountain,1183,143,7
620979,Karyn,Arguello,Karyn Arguello,Karyna@gmail.com,874 Megan Rue,5425,59,9
310278,Jonathan,Burris,Jonathan Burris,Jonathanb@gmail.com,4503 Montgomery Fort,7884,46,2
820910,Lisa,Larue,Lisa Larue,Lisal@gmail.com,377 Denise Drives Apt. 688,3543,189,4
72376,Kathleen,Moon,Kathleen Moon,Kathleenm@gmail.com,69132 Patrick River,4957,27,3
859646,John,Riley,John Riley,Johnr@gmail.com,3646 Desiree River,4067,34,8
557012,William,Lynd,William Lynd,Williaml@gmail.com,595 George Wells,7670,14,4
237695,Ashlee,Goodwin,Ashlee Goodwin,Ashleeg@gmail.com,487 Terri Trafficway Apt. 733,3335,112,2
125494,Gayle,Castelli,Gayle Castelli,Gaylec@gmail.com,3558 Paul Canyon Suite 935,4906,71,7
209552,Alfred,Joe,Alfred Joe,Alfredj@gmail.com,313 Williams Springs,9295,215,2
497156,Nathan,Manos,Nathan Manos,Nathanm@gmail.com,5663 Mandy Centers,6182,202,5
406599,Charlotte,Parks,Charlotte Parks,Charlottep@gmail.com,878 Pacheco Extension Apt. 356,6876,210,7
424436,Marion,Smith,Marion Smith,Marions@gmail.com,12371 Christina Forest,1082,28,2
534647,Patricia,Soto,Patricia Soto,Patricias@gmail.com,3382 Foster Spur,5216,62,6
54270,Stephen,Selvage,Stephen Selvage,Stephens@gmail.com,2547 Dennis Inlet,9819,125,8
437445,Cynthia,Dorsch,Cynthia Dorsch,Cynthiad@gmail.com,903 Thomas Summit,8272,47,3
199536,Ann,Santiago,Ann Santiago,Anns@gmail.com,33451 Christopher Valley Suite 316,8710,40,8
699864,Jonathan,Thompson,Jonathan Thompson,Jonathant@gmail.com,68460 Heidi Pass,4758,94,4
765585,Tiffany,Scruggs,Tiffany Scruggs,Tiffanys@gmail.com,36043 Jeffrey Bypass Apt. 614,5515,192,1
887614,Jacqueline,Schultz,Jacqueline Schultz,Jacquelines@gmail.com,8660 James Points Apt. 517,7985,216,8
407695,James,Hunter,James Hunter,Jamesh@gmail.com,07967 Taylor Shores Apt. 954,2415,74,2
832474,Victor,Bowers,Victor Bowers,Victorb@gmail.com,16166 James Route Apt. 042,2069,155,0
704717,Patricia,Lopez,Patricia Lopez,Patricial@gmail.com,7914 Clark Fort,4528,217,9
110009,Terrell,Webster,Terrell Webster,Terrellw@gmail.com,20571 Marcus Rue,1806,195,0
116979,Nicole,Segovia,Nicole Segovia,Nicoles@gmail.com,0784 Michael Fields Suite 434,3791,218,8
422744,Buddy,Hitchcock,Buddy Hitchcock,Buddyh@gmail.com,764 Williams Center,9829,144,4
622528,Dean,Bekins,Dean Bekins,Deanb@gmail.com,6783 Flores Trail,5935,176,6
69813,Ronald,Stonge,Ronald Stonge,Ronalds@gmail.com,12350 Blanchard Corner Suite 749,3791,186,7
952255,Paul,Enama,Paul Enama,Paule@gmail.com,5114 Hayley Fields Apt. 976,3683,60,8
744059,Lois,Bell,Lois Bell,Loisb@gmail.com,34647 Zuniga Isle,3125,78,2
555956,William,Throgmorton,William Throgmorton,Williamt@gmail.com,40141 Heath Walk Suite 330,3979,219,1
628182,Edward,Steele,Edward Steele,Edwards@gmail.com,1530 Jennifer Tunnel,4826,187,2
412095,Paul,Gilbert,Paul Gilbert,Paulg@gmail.com,1163 Moreno Mountain,7189,95,8
750294,Brandy,Shedden,Brandy Shedden,Brandys@gmail.com,95124 April Spring,3731,195,9
87978,Donald,Stover,Donald Stover,Donalds@gmail.com,567 Cox Land,2172,218,6
621797,Andrew,Orozco,Andrew Orozco,Andrewo@gmail.com,75686 Melissa Course,1618,220,0
947243,Allison,Mclaren,Allison Mclaren,Allisonm@gmail.com,9709 Greg Fords Apt. 512,7759,144,5
275970,Donald,Head,Donald Head,Donaldh@gmail.com,0026 Jennifer Pine,6511,176,0
239004,Norman,Niese,Norman Niese,Normann@gmail.com,9192 Megan Crossroad,7845,186,0
540539,Jennie,Lovan,Jennie Lovan,Jenniel@gmail.com,23524 Bell Gardens Suite 915,6420,211,4
90899,Patsy,Grant,Patsy Grant,Patsyg@gmail.com,81366 Arias Oval Suite 342,7114,221,7
163612,Tyler,Spears,Tyler Spears,Tylers@gmail.com,32147 Grant Viaduct Suite 920,8546,168,7
489721,Bonnie,Kleinpeter,Bonnie Kleinpeter,Bonniek@gmail.com,4991 Buckley Loaf Apt. 563,8629,144,0
761480,Robert,Rosian,Robert Rosian,Robertr@gmail.com,13701 Norton Ridges Apt. 763,2465,176,3
243324,Jeffrey,Snyder,Jeffrey Snyder,Jeffreys@gmail.com,2977 Jeremy Burgs Suite 176,8937,186,1
550349,Mozelle,Kemp,Mozelle Kemp,Mozellek@gmail.com,8548 Rebecca Lodge,4441,110,5
972154,Raphael,Dahlstrom,Raphael Dahlstrom,Raphaeld@gmail.com,80700 Stacy Well,5532,211,1
37508,Jenna,Jones,Jenna Jones,Jennaj@gmail.com,66285 Jacob Forks,4378,221,5
576705,Emma,Stribling,Emma Stribling,Emmas@gmail.com,52437 Nelson Pass,6303,83,6
547450,Hazel,Heidinger,Hazel Heidinger,Hazelh@gmail.com,453 Ana Row Apt. 304,1391,100,1
732332,Kristen,Smith,Kristen Smith,Kristens@gmail.com,85069 Jackson Summit Suite 579,1578,126,3
898904,Reginald,Vaness,Reginald Vaness,Reginaldv@gmail.com,335 Jonathan Run,3084,181,2
101399,Myron,Finnegan,Myron Finnegan,Myronf@gmail.com,12922 Michael Wells,7541,183,2
838250,Martha,Jacobs,Martha Jacobs,Marthaj@gmail.com,410 Angela Parkways,2192,35,3
771380,Clara,Kelly,Clara Kelly,Clarak@gmail.com,7237 Carla Centers Apt. 372,7516,8,5
262953,Dana,Cordova,Dana Cordova,Danac@gmail.com,00566 Johnson Burgs,1181,9,4
421402,Raymond,Wells,Raymond Wells,Raymondw@gmail.com,569 Lewis Mission Suite 813,2737,44,9
617714,Walter,Resh,Walter Resh,Walterr@gmail.com,343 Smith Terrace Suite 590,2764,222,1
180712,Melinda,Vasquez,Melinda Vasquez,Melindav@gmail.com,60125 Marvin Flats,3060,235,2
511783,Jose,Ferber,Jose Ferber,Josef@gmail.com,3149 Williams Parkways Apt. 426,9896,133,9
373885,Elizabeth,Metzler,Elizabeth Metzler,Elizabethm@gmail.com,68914 Andrea Station Apt. 330,2908,51,9
114704,Jerome,Bland,Jerome Bland,Jeromeb@gmail.com,76468 Derrick Port Suite 653,5373,65,3
881514,Matthew,Henton,Matthew Henton,Matthewh@gmail.com,684 Garcia Skyway Suite 485,9124,223,5
315514,Robert,Scott,Robert Scott,Roberts@gmail.com,9111 Moore Meadow Apt. 167,1983,42,7
318434,Frances,Patrick,Frances Patrick,Francesp@gmail.com,7844 Mason Valleys,6273,73,2
287361,Cynthia,Newman,Cynthia Newman,Cynthian@gmail.com,562 Newton Stream Apt. 690,7066,224,2
339251,Sarah,Rascon,Sarah Rascon,Sarahr@gmail.com,7402 William Parks Suite 990,1981,220,2
322882,Peter,Newell,Peter Newell,Petern@gmail.com,554 Tran Path,8258,85,4
24088,Richard,Toher,Richard Toher,Richardt@gmail.com,39801 Paul Locks Suite 772,6361,163,0
321671,Debra,Arciba,Debra Arciba,Debraa@gmail.com,11575 Valerie Spur,2601,180,8
380809,William,Fomby,William Fomby,Williamf@gmail.com,651 Rowe Points,7818,214,1
718651,Paul,Sparks,Paul Sparks,Pauls@gmail.com,18696 Michael Track Apt. 196,9088,113,0
782487,Richard,Lindholm,Richard Lindholm,Richardl@gmail.com,457 Margaret Circle Suite 260,7694,109,7
60719,Louis,Shreve,Louis Shreve,Louiss@gmail.com,689 Amanda Course Apt. 640,3524,40,2
950787,Juanita,Marashio,Juanita Marashio,Juanitam@gmail.com,875 Jordan Rapids Suite 788,3064,94,4
840615,Marcia,Lippert,Marcia Lippert,Marcial@gmail.com,81871 Michelle Fork,1017,192,4
649678,Rosemarie,Long,Rosemarie Long,Rosemariel@gmail.com,69915 Johnson Meadows Suite 107,1659,93,1
45493,Arthur,Braden,Arthur Braden,Arthurb@gmail.com,2680 Elizabeth Key Suite 310,2324,17,6
945841,Earnest,Sturm,Earnest Sturm,Earnests@gmail.com,916 Phillip Station,3364,174,9
826860,Alicia,Riffel,Alicia Riffel,Aliciar@gmail.com,868 Kelly Row,6054,30,3
594090,Jeffrey,Meister,Jeffrey Meister,Jeffreym@gmail.com,2666 Denise Springs,5578,167,2
786199,Richard,Ruiz,Richard Ruiz,Richardr@gmail.com,129 Joseph Rapid,4015,68,5
750242,Mary,Mueller,Mary Mueller,Marym@gmail.com,429 Wesley Path,5876,194,1
388934,Sabrina,Revering,Sabrina Revering,Sabrinar@gmail.com,6894 Oliver Village Suite 740,1287,49,1
177452,Sharon,Figueroa,Sharon Figueroa,Sharonf@gmail.com,67213 Angela Fork,5067,60,0
330268,Candice,Radosevich,Candice Radosevich,Candicer@gmail.com,84918 Avery Road Apt. 323,7684,78,4
450241,Jonathan,Garrison,Jonathan Garrison,Jonathang@gmail.com,907 Alan Forks Suite 997,9567,219,0
894255,Charles,Rodriguez,Charles Rodriguez,Charlesr@gmail.com,148 Sims Vista Suite 292,9802,38,5
201442,Thomas,Jones,Thomas Jones,Thomasj@gmail.com,414 Darren Walks,5247,40,2
996403,Ruth,Haitz,Ruth Haitz,Ruthh@gmail.com,72390 Kennedy Turnpike Suite 721,6322,94,9
41947,Whitney,Besson,Whitney Besson,Whitneyb@gmail.com,1024 Myers Curve,3871,192,8
179937,Pamela,Chaidez,Pamela Chaidez,Pamelac@gmail.com,0330 Mary Locks Apt. 853,6742,41,9
373953,Tera,Fournier,Tera Fournier,Teraf@gmail.com,701 Woodard Mill Suite 113,5562,202,2
688205,Benito,Roberts,Benito Roberts,Benitor@gmail.com,54204 Mitchell Courts Apt. 262,6666,210,2
962672,Gloria,Bittle,Gloria Bittle,Gloriab@gmail.com,753 Peterson Isle,6203,225,2
397512,Sylvia,Flores,Sylvia Flores,Sylviaf@gmail.com,7640 Danielle Radial Suite 196,5035,202,8
100743,Ronald,Davis,Ronald Davis,Ronaldd@gmail.com,34876 Adam Coves Suite 091,3619,210,3
672615,Ron,Boyd,Ron Boyd,Ronb@gmail.com,023 Hill Shore Apt. 324,2718,175,9
317593,Jason,Rhodes,Jason Rhodes,Jasonr@gmail.com,412 Campbell Crossing,5030,212,8
358674,Adrianne,Hughes,Adrianne Hughes,Adrianneh@gmail.com,2325 Alex Place Apt. 918,5200,161,0
193578,Richard,Koenig,Richard Koenig,Richardk@gmail.com,2480 Walton Pines,5417,143,9
217888,Linda,Vanausdal,Linda Vanausdal,Lindav@gmail.com,3634 Jessica Mountains,4507,226,9
617516,Travis,Berg,Travis Berg,Travisb@gmail.com,32481 Lindsey Greens Suite 389,9894,114,7
510785,George,Lowe,George Lowe,Georgel@gmail.com,00686 Bennett Manors,2041,208,2
823760,Dewey,Yale,Dewey Yale,Deweyy@gmail.com,46001 Benjamin Centers,7595,49,2
523970,Otis,Whiteside,Otis Whiteside,Otisw@gmail.com,3101 Joseph View,1486,196,0
342269,Theodora,Lembo,Theodora Lembo,Theodoral@gmail.com,8599 Heather Burgs Apt. 248,1768,227,0
430565,Libby,Michel,Libby Michel,Libbym@gmail.com,702 Bell Glens,4652,133,1
70765,Hyon,Stout,Hyon Stout,Hyons@gmail.com,43810 Sandra Inlet,5685,142,0
960513,Brandy,Davis,Brandy Davis,Brandyd@gmail.com,498 Shawn Manor Suite 445,1674,147,6
613155,Phyllis,Coleman,Phyllis Coleman,Phyllisc@gmail.com,89098 Joseph Cove Suite 463,3939,115,2
204887,Mary,Degreenia,Mary Degreenia,Maryd@gmail.com,8899 Rodriguez Turnpike,9435,228,9
676776,Sabrina,Kim,Sabrina Kim,Sabrinak@gmail.com,59793 Kathleen Summit,3518,112,4
829445,Robert,White,Robert White,Robertw@gmail.com,761 Kennedy Trail Suite 644,1819,32,1
64849,Kenneth,Gelabert,Kenneth Gelabert,Kennethg@gmail.com,53509 Porter Springs,3955,69,4
335972,Douglas,Naone,Douglas Naone,Douglasn@gmail.com,307 Victor Mountain Suite 100,1209,20,1
548845,Anne,Wichmann,Anne Wichmann,Annew@gmail.com,8292 Smith Track Apt. 358,7130,21,2
316436,Sharon,Marriner,Sharon Marriner,Sharonm@gmail.com,07587 Hogan Corners,3360,156,1
90109,Marta,Kelly,Marta Kelly,Martak@gmail.com,42826 Smith Plains,8104,157,2
729087,Danielle,Aquilina,Danielle Aquilina,Daniellea@gmail.com,036 Ross Hollow,3642,97,6
394342,Eleanore,Lanzilotta,Eleanore Lanzilotta,Eleanorel@gmail.com,297 Rivera Groves,7891,187,2
659697,Freddie,Gardner,Freddie Gardner,Freddieg@gmail.com,267 Whitaker Motorway Apt. 374,3655,229,8
265880,Kay,Drummond,Kay Drummond,Kayd@gmail.com,7128 James Views,7246,91,6
986697,Wilbur,Ferreira,Wilbur Ferreira,Wilburf@gmail.com,04492 Erickson Wells,2019,2,3
179330,Mitchell,Cooley,Mitchell Cooley,Mitchellc@gmail.com,774 Tina Orchard,5305,128,6
812617,Mary,Schenck,Mary Schenck,Marys@gmail.com,171 Matthew Pass,6026,131,7
250861,Jeffery,Hatten,Jeffery Hatten,Jefferyh@gmail.com,448 Sarah Orchard Apt. 071,6305,201,0
